id,file,earnings: 0 no/ 1 yes
1,1.xml,0
2,2.xml,0
3,3.xml,0
4,4.xml,0
5,5.xml,0
6,6.xml,0
7,7.xml,0
8,8.xml,0
9,9.xml,1
10,10.xml,0
11,11.xml,1
12,12.xml,1
13,13.xml,1
14,14.xml,1
15,15.xml,0
16,16.xml,0
17,17.xml,0
18,18.xml,1
19,19.xml,0
21,21.xml,0
22,22.xml,0
23,23.xml,1
24,24.xml,1
25,25.xml,0
26,26.xml,0
27,27.xml,1
28,28.xml,0
29,29.xml,0
30,30.xml,0
31,31.xml,0
32,32.xml,0
33,33.xml,0
34,34.xml,0
35,35.xml,0
36,36.xml,1
37,37.xml,1
38,38.xml,1
39,39.xml,0
40,40.xml,1
41,41.xml,1
42,42.xml,0
43,43.xml,0
44,44.xml,0
45,45.xml,0
46,46.xml,0
48,48.xml,0
49,49.xml,0
50,50.xml,1
51,51.xml,0
52,52.xml,0
53,53.xml,1
54,54.xml,0
55,55.xml,0
56,56.xml,1
58,58.xml,0
59,59.xml,0
60,60.xml,0
61,61.xml,0
62,62.xml,0
63,63.xml,0
64,64.xml,1
65,65.xml,1
67,67.xml,0
68,68.xml,0
69,69.xml,0
70,70.xml,0
71,71.xml,1
72,72.xml,0
73,73.xml,0
74,74.xml,1
75,75.xml,0
76,76.xml,0
77,77.xml,0
78,78.xml,0
79,79.xml,0
80,80.xml,0
81,81.xml,0
82,82.xml,1
83,83.xml,1
84,84.xml,0
85,85.xml,1
86,86.xml,1
87,87.xml,1
89,89.xml,1
90,90.xml,0
91,91.xml,0
92,92.xml,0
93,93.xml,1
94,94.xml,0
95,95.xml,0
96,96.xml,0
98,98.xml,1
99,99.xml,0
100,100.xml,0
101,101.xml,0
102,102.xml,0
103,103.xml,0
104,104.xml,0
105,105.xml,0
106,106.xml,0
107,107.xml,0
108,108.xml,1
109,109.xml,0
110,110.xml,0
111,111.xml,0
112,112.xml,0
113,113.xml,1
114,114.xml,0
115,115.xml,0
116,116.xml,0
117,117.xml,0
118,118.xml,0
119,119.xml,0
120,120.xml,0
121,121.xml,0
122,122.xml,0
123,123.xml,1
124,124.xml,0
125,125.xml,0
126,126.xml,1
128,128.xml,0
129,129.xml,1
130,130.xml,1
131,131.xml,0
132,132.xml,0
133,133.xml,0
134,134.xml,0
135,135.xml,0
136,136.xml,0
137,137.xml,0
138,138.xml,1
139,139.xml,1
140,140.xml,1
141,141.xml,0
142,142.xml,1
143,143.xml,1
144,144.xml,0
145,145.xml,1
146,146.xml,1
147,147.xml,1
148,148.xml,0
149,149.xml,0
150,150.xml,0
151,151.xml,1
152,152.xml,1
153,153.xml,0
154,154.xml,0
155,155.xml,0
156,156.xml,0
157,157.xml,0
158,158.xml,0
159,159.xml,0
160,160.xml,1
161,161.xml,0
162,162.xml,0
163,163.xml,1
164,164.xml,1
166,166.xml,1
167,167.xml,1
168,168.xml,1
169,169.xml,1
170,170.xml,0
171,171.xml,0
172,172.xml,0
173,173.xml,0
174,174.xml,0
175,175.xml,0
176,176.xml,0
177,177.xml,0
178,178.xml,0
179,179.xml,0
180,180.xml,0
181,181.xml,0
182,182.xml,0
183,183.xml,1
184,184.xml,0
185,185.xml,0
186,186.xml,0
187,187.xml,1
188,188.xml,0
189,189.xml,0
190,190.xml,0
191,191.xml,0
192,192.xml,0
194,194.xml,0
195,195.xml,0
196,196.xml,1
197,197.xml,0
198,198.xml,0
200,200.xml,0
201,201.xml,1
202,202.xml,1
203,203.xml,0
204,204.xml,0
205,205.xml,0
206,206.xml,0
207,207.xml,0
208,208.xml,0
209,209.xml,0
210,210.xml,1
211,211.xml,0
212,212.xml,1
213,213.xml,0
214,214.xml,1
216,216.xml,0
217,217.xml,0
218,218.xml,0
219,219.xml,0
220,220.xml,0
221,221.xml,0
222,222.xml,0
223,223.xml,0
224,224.xml,0
225,225.xml,0
226,226.xml,0
227,227.xml,0
228,228.xml,0
229,229.xml,0
230,230.xml,0
231,231.xml,0
232,232.xml,0
233,233.xml,0
234,234.xml,0
235,235.xml,0
236,236.xml,0
237,237.xml,0
238,238.xml,0
239,239.xml,0
241,241.xml,0
242,242.xml,0
243,243.xml,0
244,244.xml,0
245,245.xml,0
246,246.xml,0
247,247.xml,0
248,248.xml,0
249,249.xml,0
250,250.xml,0
251,251.xml,0
252,252.xml,0
253,253.xml,0
254,254.xml,0
255,255.xml,0
256,256.xml,0
257,257.xml,0
258,258.xml,0
259,259.xml,0
260,260.xml,0
261,261.xml,0
262,262.xml,0
263,263.xml,0
264,264.xml,0
265,265.xml,0
266,266.xml,0
267,267.xml,0
268,268.xml,0
269,269.xml,0
270,270.xml,0
271,271.xml,0
272,272.xml,0
273,273.xml,0
274,274.xml,0
275,275.xml,0
276,276.xml,0
277,277.xml,0
278,278.xml,0
279,279.xml,1
280,280.xml,0
281,281.xml,0
282,282.xml,0
283,283.xml,0
284,284.xml,0
285,285.xml,0
286,286.xml,0
287,287.xml,0
288,288.xml,0
289,289.xml,0
290,290.xml,0
291,291.xml,0
292,292.xml,0
293,293.xml,0
294,294.xml,0
295,295.xml,0
296,296.xml,0
297,297.xml,0
298,298.xml,0
299,299.xml,1
300,300.xml,0
301,301.xml,0
302,302.xml,0
304,304.xml,0
305,305.xml,0
306,306.xml,0
307,307.xml,0
308,308.xml,0
309,309.xml,0
310,310.xml,0
311,311.xml,0
312,312.xml,0
313,313.xml,0
314,314.xml,0
315,315.xml,0
316,316.xml,0
317,317.xml,1
318,318.xml,0
319,319.xml,0
320,320.xml,0
321,321.xml,0
322,322.xml,0
323,323.xml,0
324,324.xml,0
325,325.xml,0
326,326.xml,0
327,327.xml,0
328,328.xml,0
329,329.xml,0
330,330.xml,0
331,331.xml,0
332,332.xml,0
333,333.xml,0
334,334.xml,0
335,335.xml,0
336,336.xml,0
337,337.xml,0
338,338.xml,0
339,339.xml,0
340,340.xml,0
341,341.xml,0
342,342.xml,0
343,343.xml,0
344,344.xml,0
345,345.xml,1
346,346.xml,0
347,347.xml,0
348,348.xml,0
349,349.xml,0
350,350.xml,0
351,351.xml,0
352,352.xml,0
353,353.xml,0
354,354.xml,0
355,355.xml,0
356,356.xml,1
357,357.xml,0
358,358.xml,0
359,359.xml,0
360,360.xml,0
361,361.xml,0
362,362.xml,0
363,363.xml,0
364,364.xml,0
365,365.xml,0
366,366.xml,0
367,367.xml,0
368,368.xml,0
369,369.xml,0
370,370.xml,0
371,371.xml,0
372,372.xml,0
373,373.xml,0
374,374.xml,0
375,375.xml,0
376,376.xml,0
377,377.xml,0
378,378.xml,1
379,379.xml,0
380,380.xml,0
381,381.xml,1
382,382.xml,0
383,383.xml,0
384,384.xml,0
385,385.xml,0
386,386.xml,0
387,387.xml,0
388,388.xml,1
389,389.xml,0
390,390.xml,1
391,391.xml,0
392,392.xml,1
393,393.xml,0
394,394.xml,0
395,395.xml,0
396,396.xml,1
398,398.xml,0
399,399.xml,1
400,400.xml,0
401,401.xml,0
402,402.xml,0
403,403.xml,0
404,404.xml,1
405,405.xml,1
406,406.xml,1
407,407.xml,1
408,408.xml,0
409,409.xml,1
411,411.xml,0
412,412.xml,0
413,413.xml,0
414,414.xml,0
415,415.xml,0
416,416.xml,0
417,417.xml,0
418,418.xml,0
419,419.xml,0
420,420.xml,1
421,421.xml,0
422,422.xml,1
423,423.xml,1
424,424.xml,0
425,425.xml,0
426,426.xml,0
427,427.xml,0
428,428.xml,0
429,429.xml,0
430,430.xml,0
431,431.xml,0
432,432.xml,0
433,433.xml,0
434,434.xml,0
435,435.xml,1
436,436.xml,0
437,437.xml,0
438,438.xml,1
439,439.xml,1
440,440.xml,0
441,441.xml,0
442,442.xml,0
443,443.xml,0
444,444.xml,0
445,445.xml,0
446,446.xml,0
447,447.xml,0
448,448.xml,0
449,449.xml,1
450,450.xml,0
451,451.xml,0
452,452.xml,0
453,453.xml,0
454,454.xml,0
455,455.xml,1
456,456.xml,1
457,457.xml,0
458,458.xml,0
459,459.xml,0
460,460.xml,0
461,461.xml,1
462,462.xml,0
464,464.xml,1
465,465.xml,0
466,466.xml,1
467,467.xml,0
468,468.xml,0
469,469.xml,0
470,470.xml,1
471,471.xml,0
472,472.xml,0
473,473.xml,1
474,474.xml,0
475,475.xml,0
476,476.xml,0
477,477.xml,0
478,478.xml,0
479,479.xml,0
480,480.xml,1
481,481.xml,0
482,482.xml,0
483,483.xml,1
485,485.xml,0
486,486.xml,0
487,487.xml,0
488,488.xml,0
489,489.xml,0
490,490.xml,1
491,491.xml,0
492,492.xml,0
493,493.xml,0
494,494.xml,1
495,495.xml,0
496,496.xml,0
497,497.xml,0
498,498.xml,0
499,499.xml,0
500,500.xml,0
501,501.xml,0
502,502.xml,0
503,503.xml,0
504,504.xml,0
505,505.xml,0
506,506.xml,1
507,507.xml,0
508,508.xml,1
509,509.xml,1
510,510.xml,0
511,511.xml,0
512,512.xml,1
513,513.xml,1
514,514.xml,1
515,515.xml,0
516,516.xml,0
517,517.xml,1
518,518.xml,0
519,519.xml,0
520,520.xml,0
521,521.xml,1
522,522.xml,0
523,523.xml,0
524,524.xml,1
525,525.xml,0
526,526.xml,0
527,527.xml,0
528,528.xml,1
529,529.xml,1
530,530.xml,1
531,531.xml,1
532,532.xml,0
533,533.xml,1
534,534.xml,1
535,535.xml,1
536,536.xml,1
537,537.xml,0
538,538.xml,1
539,539.xml,1
540,540.xml,0
541,541.xml,1
542,542.xml,0
543,543.xml,0
544,544.xml,0
545,545.xml,0
546,546.xml,1
547,547.xml,0
548,548.xml,1
549,549.xml,0
550,550.xml,0
551,551.xml,0
552,552.xml,1
554,554.xml,1
555,555.xml,1
556,556.xml,0
557,557.xml,1
558,558.xml,0
559,559.xml,0
560,560.xml,1
561,561.xml,0
562,562.xml,0
563,563.xml,0
564,564.xml,0
565,565.xml,0
566,566.xml,0
567,567.xml,0
568,568.xml,0
569,569.xml,0
570,570.xml,0
571,571.xml,0
572,572.xml,0
575,575.xml,0
576,576.xml,0
577,577.xml,0
578,578.xml,0
579,579.xml,0
580,580.xml,0
581,581.xml,0
582,582.xml,0
583,583.xml,0
584,584.xml,0
585,585.xml,0
586,586.xml,0
587,587.xml,0
588,588.xml,0
589,589.xml,0
590,590.xml,0
591,591.xml,0
592,592.xml,0
593,593.xml,0
594,594.xml,0
595,595.xml,0
596,596.xml,0
597,597.xml,0
598,598.xml,0
600,600.xml,0
601,601.xml,0
602,602.xml,0
603,603.xml,0
604,604.xml,0
605,605.xml,0
606,606.xml,0
607,607.xml,0
608,608.xml,0
609,609.xml,0
610,610.xml,0
611,611.xml,0
612,612.xml,0
613,613.xml,0
614,614.xml,0
615,615.xml,0
616,616.xml,0
617,617.xml,0
618,618.xml,0
619,619.xml,0
620,620.xml,0
621,621.xml,0
623,623.xml,0
624,624.xml,0
625,625.xml,0
626,626.xml,0
627,627.xml,0
628,628.xml,0
629,629.xml,0
630,630.xml,0
631,631.xml,0
632,632.xml,0
633,633.xml,0
634,634.xml,0
635,635.xml,0
636,636.xml,0
637,637.xml,0
638,638.xml,0
639,639.xml,0
641,641.xml,0
642,642.xml,0
643,643.xml,0
644,644.xml,0
645,645.xml,0
646,646.xml,0
647,647.xml,0
648,648.xml,0
649,649.xml,0
650,650.xml,0
651,651.xml,0
652,652.xml,0
653,653.xml,0
654,654.xml,0
655,655.xml,0
656,656.xml,0
657,657.xml,0
658,658.xml,0
659,659.xml,0
660,660.xml,0
661,661.xml,0
662,662.xml,0
663,663.xml,0
664,664.xml,0
665,665.xml,0
666,666.xml,0
667,667.xml,0
668,668.xml,0
669,669.xml,0
670,670.xml,0
671,671.xml,0
672,672.xml,0
673,673.xml,0
674,674.xml,0
675,675.xml,0
676,676.xml,0
677,677.xml,0
678,678.xml,0
679,679.xml,0
680,680.xml,1
681,681.xml,0
682,682.xml,0
683,683.xml,0
684,684.xml,0
685,685.xml,0
686,686.xml,1
687,687.xml,1
688,688.xml,0
690,690.xml,1
691,691.xml,1
692,692.xml,1
693,693.xml,1
694,694.xml,0
695,695.xml,1
696,696.xml,1
698,698.xml,1
699,699.xml,1
700,700.xml,1
701,701.xml,1
702,702.xml,1
703,703.xml,0
704,704.xml,0
705,705.xml,0
706,706.xml,0
707,707.xml,1
708,708.xml,0
709,709.xml,0
710,710.xml,0
711,711.xml,0
712,712.xml,0
713,713.xml,0
714,714.xml,0
715,715.xml,1
716,716.xml,0
717,717.xml,0
718,718.xml,0
719,719.xml,0
720,720.xml,0
721,721.xml,0
722,722.xml,1
723,723.xml,0
724,724.xml,0
725,725.xml,0
726,726.xml,0
727,727.xml,0
728,728.xml,1
729,729.xml,0
730,730.xml,1
731,731.xml,1
732,732.xml,0
733,733.xml,0
734,734.xml,1
735,735.xml,0
736,736.xml,0
737,737.xml,0
738,738.xml,0
739,739.xml,1
741,741.xml,0
742,742.xml,0
743,743.xml,1
744,744.xml,0
745,745.xml,0
747,747.xml,0
748,748.xml,0
749,749.xml,0
750,750.xml,0
751,751.xml,0
752,752.xml,0
753,753.xml,0
754,754.xml,0
755,755.xml,0
756,756.xml,1
757,757.xml,0
758,758.xml,1
759,759.xml,0
760,760.xml,0
761,761.xml,0
762,762.xml,0
763,763.xml,0
764,764.xml,0
765,765.xml,0
766,766.xml,0
767,767.xml,0
768,768.xml,0
769,769.xml,0
770,770.xml,0
771,771.xml,0
772,772.xml,0
773,773.xml,1
774,774.xml,1
775,775.xml,0
776,776.xml,1
777,777.xml,0
778,778.xml,1
779,779.xml,0
780,780.xml,1
781,781.xml,1
782,782.xml,0
783,783.xml,1
784,784.xml,0
785,785.xml,0
786,786.xml,0
787,787.xml,0
788,788.xml,0
789,789.xml,0
790,790.xml,0
791,791.xml,0
792,792.xml,0
793,793.xml,0
794,794.xml,0
795,795.xml,0
796,796.xml,0
797,797.xml,0
798,798.xml,0
799,799.xml,0
800,800.xml,0
801,801.xml,0
802,802.xml,0
803,803.xml,0
804,804.xml,0
805,805.xml,0
806,806.xml,0
807,807.xml,0
808,808.xml,0
809,809.xml,0
810,810.xml,0
811,811.xml,1
812,812.xml,0
813,813.xml,0
814,814.xml,0
815,815.xml,0
816,816.xml,0
817,817.xml,1
818,818.xml,1
819,819.xml,0
820,820.xml,0
821,821.xml,0
822,822.xml,0
823,823.xml,0
824,824.xml,0
825,825.xml,0
826,826.xml,0
827,827.xml,0
828,828.xml,1
829,829.xml,0
830,830.xml,0
831,831.xml,0
833,833.xml,0
834,834.xml,0
835,835.xml,0
836,836.xml,0
837,837.xml,1
838,838.xml,0
839,839.xml,0
840,840.xml,0
841,841.xml,0
843,843.xml,0
844,844.xml,0
845,845.xml,0
846,846.xml,1
847,847.xml,0
848,848.xml,1
849,849.xml,0
850,850.xml,0
851,851.xml,0
852,852.xml,1
853,853.xml,0
854,854.xml,0
855,855.xml,0
856,856.xml,0
857,857.xml,0
858,858.xml,0
859,859.xml,1
860,860.xml,0
861,861.xml,1
862,862.xml,0
863,863.xml,0
864,864.xml,0
865,865.xml,1
866,866.xml,1
867,867.xml,0
868,868.xml,1
869,869.xml,0
870,870.xml,0
871,871.xml,0
872,872.xml,0
873,873.xml,0
874,874.xml,0
875,875.xml,0
876,876.xml,0
877,877.xml,0
878,878.xml,0
879,879.xml,1
880,880.xml,0
881,881.xml,0
882,882.xml,0
883,883.xml,1
886,886.xml,1
887,887.xml,1
888,888.xml,0
889,889.xml,0
890,890.xml,0
891,891.xml,0
892,892.xml,0
893,893.xml,0
894,894.xml,0
895,895.xml,0
896,896.xml,0
897,897.xml,0
898,898.xml,0
899,899.xml,1
900,900.xml,0
901,901.xml,0
903,903.xml,0
904,904.xml,0
905,905.xml,0
906,906.xml,0
907,907.xml,0
908,908.xml,0
909,909.xml,0
910,910.xml,0
911,911.xml,0
913,913.xml,0
914,914.xml,0
916,916.xml,0
917,917.xml,0
918,918.xml,0
919,919.xml,0
920,920.xml,1
921,921.xml,1
922,922.xml,1
923,923.xml,0
924,924.xml,0
925,925.xml,0
926,926.xml,0
927,927.xml,0
928,928.xml,0
929,929.xml,0
930,930.xml,0
931,931.xml,0
932,932.xml,0
933,933.xml,0
935,935.xml,0
936,936.xml,0
937,937.xml,0
938,938.xml,1
939,939.xml,0
940,940.xml,0
941,941.xml,0
942,942.xml,0
943,943.xml,0
944,944.xml,0
945,945.xml,0
946,946.xml,0
947,947.xml,0
948,948.xml,0
949,949.xml,1
950,950.xml,0
951,951.xml,0
952,952.xml,0
954,954.xml,0
955,955.xml,0
956,956.xml,0
957,957.xml,0
958,958.xml,1
959,959.xml,0
960,960.xml,0
961,961.xml,0
962,962.xml,0
963,963.xml,0
964,964.xml,0
965,965.xml,0
966,966.xml,0
967,967.xml,0
968,968.xml,1
969,969.xml,0
970,970.xml,0
971,971.xml,1
972,972.xml,0
973,973.xml,0
974,974.xml,0
975,975.xml,0
976,976.xml,1
977,977.xml,0
978,978.xml,0
979,979.xml,0
980,980.xml,0
981,981.xml,1
982,982.xml,0
983,983.xml,1
984,984.xml,1
985,985.xml,0
986,986.xml,1
987,987.xml,0
988,988.xml,1
989,989.xml,0
990,990.xml,0
991,991.xml,0
992,992.xml,0
993,993.xml,0
994,994.xml,0
995,995.xml,1
997,997.xml,0
998,998.xml,1
999,999.xml,0
1000,1000.xml,0
1001,1001.xml,0
1002,1002.xml,0
1003,1003.xml,1
1004,1004.xml,0
1005,1005.xml,0
1006,1006.xml,0
1007,1007.xml,1
1008,1008.xml,0
1009,1009.xml,1
1010,1010.xml,1
1011,1011.xml,1
1012,1012.xml,0
1013,1013.xml,1
1014,1014.xml,0
1015,1015.xml,1
1016,1016.xml,1
1017,1017.xml,1
1018,1018.xml,0
1019,1019.xml,1
1020,1020.xml,0
1021,1021.xml,0
1022,1022.xml,0
1023,1023.xml,0
1024,1024.xml,1
1025,1025.xml,0
1026,1026.xml,0
1027,1027.xml,0
1028,1028.xml,0
1029,1029.xml,0
1030,1030.xml,0
1031,1031.xml,0
1032,1032.xml,0
1033,1033.xml,1
1034,1034.xml,0
1035,1035.xml,0
1036,1036.xml,0
1037,1037.xml,0
1038,1038.xml,0
1039,1039.xml,0
1040,1040.xml,0
1041,1041.xml,0
1042,1042.xml,0
1043,1043.xml,0
1044,1044.xml,1
1045,1045.xml,0
1046,1046.xml,0
1047,1047.xml,1
1048,1048.xml,0
1049,1049.xml,0
1050,1050.xml,0
1051,1051.xml,0
1052,1052.xml,0
1053,1053.xml,0
1054,1054.xml,0
1055,1055.xml,0
1056,1056.xml,0
1057,1057.xml,0
1058,1058.xml,0
1059,1059.xml,1
1060,1060.xml,0
1061,1061.xml,0
1062,1062.xml,0
1063,1063.xml,1
1064,1064.xml,0
1065,1065.xml,1
1066,1066.xml,1
1067,1067.xml,0
1068,1068.xml,0
1069,1069.xml,0
1070,1070.xml,1
1071,1071.xml,1
1072,1072.xml,0
1073,1073.xml,0
1074,1074.xml,0
1075,1075.xml,0
1076,1076.xml,0
1077,1077.xml,0
1078,1078.xml,0
1080,1080.xml,1
1081,1081.xml,0
1082,1082.xml,0
1083,1083.xml,0
1084,1084.xml,1
1085,1085.xml,0
1086,1086.xml,0
1087,1087.xml,1
1089,1089.xml,0
1091,1091.xml,1
1092,1092.xml,0
1093,1093.xml,0
1094,1094.xml,0
1095,1095.xml,0
1096,1096.xml,1
1097,1097.xml,0
1098,1098.xml,0
1099,1099.xml,0
1100,1100.xml,0
1101,1101.xml,1
1102,1102.xml,0
1103,1103.xml,0
1104,1104.xml,0
1105,1105.xml,1
1106,1106.xml,0
1107,1107.xml,0
1108,1108.xml,1
1109,1109.xml,1
1110,1110.xml,0
1111,1111.xml,1
1112,1112.xml,0
1113,1113.xml,0
1114,1114.xml,0
1115,1115.xml,0
1116,1116.xml,0
1117,1117.xml,1
1118,1118.xml,0
1119,1119.xml,0
1120,1120.xml,0
1121,1121.xml,0
1122,1122.xml,1
1123,1123.xml,0
1125,1125.xml,0
1126,1126.xml,0
1127,1127.xml,0
1128,1128.xml,1
1129,1129.xml,0
1130,1130.xml,0
1131,1131.xml,0
1132,1132.xml,0
1133,1133.xml,0
1134,1134.xml,1
1136,1136.xml,0
1137,1137.xml,1
1138,1138.xml,1
1139,1139.xml,0
1140,1140.xml,0
1141,1141.xml,0
1142,1142.xml,0
1143,1143.xml,1
1144,1144.xml,0
1145,1145.xml,0
1146,1146.xml,0
1147,1147.xml,0
1148,1148.xml,0
1149,1149.xml,0
1150,1150.xml,0
1151,1151.xml,0
1152,1152.xml,1
1153,1153.xml,0
1154,1154.xml,0
1155,1155.xml,0
1158,1158.xml,0
1159,1159.xml,0
1160,1160.xml,1
1161,1161.xml,0
1162,1162.xml,0
1163,1163.xml,0
1164,1164.xml,0
1165,1165.xml,0
1166,1166.xml,0
1167,1167.xml,1
1168,1168.xml,0
1169,1169.xml,1
1170,1170.xml,1
1171,1171.xml,0
1172,1172.xml,0
1173,1173.xml,1
1174,1174.xml,0
1175,1175.xml,0
1176,1176.xml,1
1177,1177.xml,1
1178,1178.xml,1
1179,1179.xml,0
1180,1180.xml,0
1181,1181.xml,1
1182,1182.xml,1
1183,1183.xml,0
1184,1184.xml,0
1185,1185.xml,0
1186,1186.xml,0
1187,1187.xml,0
1188,1188.xml,1
1189,1189.xml,0
1190,1190.xml,0
1191,1191.xml,1
1192,1192.xml,1
1193,1193.xml,1
1194,1194.xml,0
1195,1195.xml,0
1196,1196.xml,0
1197,1197.xml,0
1198,1198.xml,1
1199,1199.xml,0
1200,1200.xml,1
1201,1201.xml,0
1202,1202.xml,0
1203,1203.xml,0
1204,1204.xml,0
1205,1205.xml,1
1206,1206.xml,0
1207,1207.xml,0
1208,1208.xml,1
1209,1209.xml,0
1210,1210.xml,0
1211,1211.xml,0
1212,1212.xml,0
1214,1214.xml,0
1215,1215.xml,0
1216,1216.xml,0
1217,1217.xml,0
1218,1218.xml,0
1219,1219.xml,0
1220,1220.xml,0
1222,1222.xml,0
1223,1223.xml,0
1224,1224.xml,0
1225,1225.xml,1
1226,1226.xml,0
1227,1227.xml,0
1228,1228.xml,0
1229,1229.xml,1
1230,1230.xml,0
1231,1231.xml,0
1232,1232.xml,0
1233,1233.xml,0
1234,1234.xml,1
1235,1235.xml,0
1236,1236.xml,0
1237,1237.xml,0
1238,1238.xml,0
1239,1239.xml,1
1240,1240.xml,0
1241,1241.xml,0
1242,1242.xml,0
1243,1243.xml,0
1244,1244.xml,1
1245,1245.xml,1
1246,1246.xml,0
1248,1248.xml,0
1250,1250.xml,0
1251,1251.xml,1
1253,1253.xml,0
1254,1254.xml,0
1255,1255.xml,0
1256,1256.xml,0
1257,1257.xml,0
1258,1258.xml,1
1259,1259.xml,0
1260,1260.xml,1
1261,1261.xml,0
1262,1262.xml,0
1263,1263.xml,0
1264,1264.xml,1
1265,1265.xml,1
1266,1266.xml,0
1267,1267.xml,0
1268,1268.xml,0
1269,1269.xml,1
1270,1270.xml,0
1271,1271.xml,1
1272,1272.xml,0
1273,1273.xml,0
1274,1274.xml,0
1275,1275.xml,0
1276,1276.xml,0
1277,1277.xml,1
1278,1278.xml,0
1279,1279.xml,0
1280,1280.xml,0
1281,1281.xml,0
1282,1282.xml,0
1283,1283.xml,1
1284,1284.xml,1
1285,1285.xml,1
1286,1286.xml,0
1287,1287.xml,1
1288,1288.xml,1
1289,1289.xml,0
1290,1290.xml,0
1291,1291.xml,0
1292,1292.xml,0
1293,1293.xml,1
1294,1294.xml,0
1295,1295.xml,0
1296,1296.xml,0
1297,1297.xml,0
1298,1298.xml,1
1299,1299.xml,0
1300,1300.xml,0
1301,1301.xml,1
1302,1302.xml,0
1303,1303.xml,0
1304,1304.xml,0
1306,1306.xml,0
1307,1307.xml,0
1309,1309.xml,0
1310,1310.xml,0
1311,1311.xml,1
1312,1312.xml,0
1313,1313.xml,1
1314,1314.xml,1
1315,1315.xml,1
1316,1316.xml,0
1317,1317.xml,1
1318,1318.xml,0
1319,1319.xml,0
1321,1321.xml,0
1322,1322.xml,1
1323,1323.xml,0
1324,1324.xml,0
1325,1325.xml,0
1326,1326.xml,1
1327,1327.xml,1
1328,1328.xml,1
1329,1329.xml,0
1330,1330.xml,0
1331,1331.xml,0
1332,1332.xml,0
1333,1333.xml,0
1334,1334.xml,0
1335,1335.xml,0
1336,1336.xml,0
1337,1337.xml,0
1338,1338.xml,0
1339,1339.xml,1
1340,1340.xml,0
1341,1341.xml,1
1342,1342.xml,1
1343,1343.xml,0
1344,1344.xml,1
1345,1345.xml,1
1346,1346.xml,0
1347,1347.xml,0
1348,1348.xml,0
1349,1349.xml,0
1350,1350.xml,0
1351,1351.xml,1
1352,1352.xml,0
1353,1353.xml,0
1354,1354.xml,0
1355,1355.xml,1
1356,1356.xml,0
1357,1357.xml,0
1358,1358.xml,0
1359,1359.xml,1
1360,1360.xml,1
1361,1361.xml,0
1362,1362.xml,0
1363,1363.xml,1
1364,1364.xml,1
1365,1365.xml,0
1366,1366.xml,1
1367,1367.xml,1
1368,1368.xml,0
1369,1369.xml,0
1370,1370.xml,0
1371,1371.xml,0
1373,1373.xml,0
1374,1374.xml,0
1375,1375.xml,1
1376,1376.xml,0
1377,1377.xml,0
1378,1378.xml,1
1379,1379.xml,1
1380,1380.xml,0
1381,1381.xml,1
1382,1382.xml,1
1383,1383.xml,0
1384,1384.xml,1
1385,1385.xml,0
1386,1386.xml,0
1387,1387.xml,0
1388,1388.xml,0
1389,1389.xml,0
1390,1390.xml,0
1391,1391.xml,1
1392,1392.xml,0
1393,1393.xml,0
1395,1395.xml,0
1396,1396.xml,0
1397,1397.xml,0
1398,1398.xml,0
1399,1399.xml,0
1400,1400.xml,0
1401,1401.xml,0
1402,1402.xml,0
1403,1403.xml,0
1404,1404.xml,1
1405,1405.xml,0
1406,1406.xml,0
1407,1407.xml,0
1408,1408.xml,0
1409,1409.xml,0
1410,1410.xml,0
1411,1411.xml,0
1412,1412.xml,0
1413,1413.xml,0
1414,1414.xml,1
1415,1415.xml,0
1416,1416.xml,0
1417,1417.xml,0
1418,1418.xml,0
1419,1419.xml,0
1420,1420.xml,1
1421,1421.xml,0
1422,1422.xml,0
1423,1423.xml,0
1425,1425.xml,0
1426,1426.xml,0
1427,1427.xml,0
1428,1428.xml,1
1429,1429.xml,0
1430,1430.xml,0
1431,1431.xml,0
1432,1432.xml,0
1433,1433.xml,1
1434,1434.xml,1
1435,1435.xml,1
1436,1436.xml,0
1437,1437.xml,0
1438,1438.xml,1
1439,1439.xml,0
1440,1440.xml,0
1441,1441.xml,0
1442,1442.xml,0
1443,1443.xml,0
1444,1444.xml,0
1445,1445.xml,1
1447,1447.xml,0
1448,1448.xml,0
1449,1449.xml,1
1450,1450.xml,0
1451,1451.xml,0
1452,1452.xml,1
1454,1454.xml,0
1455,1455.xml,0
1456,1456.xml,1
1457,1457.xml,0
1458,1458.xml,0
1459,1459.xml,0
1460,1460.xml,1
1461,1461.xml,1
1462,1462.xml,0
1463,1463.xml,0
1464,1464.xml,0
1465,1465.xml,0
1466,1466.xml,1
1467,1467.xml,1
1468,1468.xml,0
1469,1469.xml,1
1470,1470.xml,0
1471,1471.xml,1
1472,1472.xml,0
1473,1473.xml,0
1474,1474.xml,0
1475,1475.xml,0
1476,1476.xml,0
1477,1477.xml,0
1478,1478.xml,0
1479,1479.xml,0
1480,1480.xml,0
1481,1481.xml,0
1482,1482.xml,0
1483,1483.xml,1
1484,1484.xml,0
1485,1485.xml,0
1486,1486.xml,0
1487,1487.xml,0
1488,1488.xml,1
1489,1489.xml,0
1490,1490.xml,0
1491,1491.xml,0
1492,1492.xml,1
1493,1493.xml,0
1494,1494.xml,1
1495,1495.xml,0
1496,1496.xml,1
1497,1497.xml,0
1498,1498.xml,1
1499,1499.xml,0
1500,1500.xml,0
1501,1501.xml,0
1502,1502.xml,1
1504,1504.xml,0
1505,1505.xml,0
1506,1506.xml,0
1507,1507.xml,0
1508,1508.xml,1
1509,1509.xml,0
1510,1510.xml,0
1511,1511.xml,0
1512,1512.xml,0
1513,1513.xml,0
1514,1514.xml,0
1515,1515.xml,0
1516,1516.xml,0
1517,1517.xml,0
1518,1518.xml,0
1519,1519.xml,0
1520,1520.xml,0
1521,1521.xml,0
1522,1522.xml,0
1523,1523.xml,0
1524,1524.xml,1
1525,1525.xml,1
1526,1526.xml,1
1527,1527.xml,1
1528,1528.xml,1
1529,1529.xml,1
1530,1530.xml,0
1531,1531.xml,0
1532,1532.xml,1
1533,1533.xml,0
1534,1534.xml,0
1535,1535.xml,0
1536,1536.xml,1
1537,1537.xml,0
1538,1538.xml,0
1539,1539.xml,0
1540,1540.xml,0
1541,1541.xml,1
1542,1542.xml,0
1543,1543.xml,1
1544,1544.xml,0
1545,1545.xml,1
1547,1547.xml,0
1549,1549.xml,0
1550,1550.xml,0
1551,1551.xml,0
1552,1552.xml,0
1553,1553.xml,0
1554,1554.xml,1
1555,1555.xml,1
1556,1556.xml,0
1557,1557.xml,0
1558,1558.xml,0
1559,1559.xml,0
1560,1560.xml,0
1561,1561.xml,0
1562,1562.xml,0
1563,1563.xml,1
1564,1564.xml,1
1565,1565.xml,0
1567,1567.xml,1
1568,1568.xml,1
1569,1569.xml,1
1570,1570.xml,0
1571,1571.xml,1
1572,1572.xml,1
1573,1573.xml,0
1574,1574.xml,0
1575,1575.xml,1
1576,1576.xml,0
1577,1577.xml,0
1578,1578.xml,0
1579,1579.xml,0
1580,1580.xml,0
1581,1581.xml,0
1582,1582.xml,0
1583,1583.xml,0
1584,1584.xml,0
1585,1585.xml,1
1588,1588.xml,0
1589,1589.xml,0
1590,1590.xml,0
1591,1591.xml,0
1592,1592.xml,0
1593,1593.xml,0
1594,1594.xml,0
1595,1595.xml,0
1596,1596.xml,0
1597,1597.xml,0
1598,1598.xml,0
1599,1599.xml,0
1600,1600.xml,0
1601,1601.xml,0
1602,1602.xml,1
1603,1603.xml,0
1604,1604.xml,0
1605,1605.xml,0
1606,1606.xml,0
1607,1607.xml,0
1608,1608.xml,1
1609,1609.xml,0
1610,1610.xml,1
1611,1611.xml,0
1612,1612.xml,0
1613,1613.xml,0
1614,1614.xml,0
1615,1615.xml,0
1616,1616.xml,0
1618,1618.xml,0
1619,1619.xml,0
1620,1620.xml,1
1621,1621.xml,0
1622,1622.xml,0
1623,1623.xml,0
1624,1624.xml,0
1625,1625.xml,0
1626,1626.xml,0
1627,1627.xml,0
1628,1628.xml,0
1629,1629.xml,0
1630,1630.xml,0
1631,1631.xml,0
1632,1632.xml,0
1633,1633.xml,1
1634,1634.xml,0
1635,1635.xml,0
1636,1636.xml,0
1637,1637.xml,0
1638,1638.xml,1
1639,1639.xml,1
1640,1640.xml,0
1641,1641.xml,0
1642,1642.xml,1
1644,1644.xml,1
1646,1646.xml,0
1647,1647.xml,0
1648,1648.xml,1
1649,1649.xml,0
1650,1650.xml,1
1651,1651.xml,1
1652,1652.xml,0
1653,1653.xml,1
1654,1654.xml,0
1656,1656.xml,0
1657,1657.xml,1
1658,1658.xml,1
1659,1659.xml,0
1660,1660.xml,0
1661,1661.xml,0
1662,1662.xml,0
1663,1663.xml,0
1664,1664.xml,0
1665,1665.xml,0
1666,1666.xml,0
1667,1667.xml,0
1668,1668.xml,0
1669,1669.xml,0
1670,1670.xml,0
1671,1671.xml,0
1672,1672.xml,0
1673,1673.xml,0
1674,1674.xml,0
1675,1675.xml,0
1676,1676.xml,0
1677,1677.xml,1
1678,1678.xml,0
1679,1679.xml,0
1681,1681.xml,0
1682,1682.xml,1
1683,1683.xml,0
1684,1684.xml,0
1685,1685.xml,0
1686,1686.xml,0
1687,1687.xml,0
1688,1688.xml,1
1689,1689.xml,1
1690,1690.xml,0
1691,1691.xml,0
1692,1692.xml,0
1693,1693.xml,0
1694,1694.xml,0
1695,1695.xml,0
1696,1696.xml,1
1697,1697.xml,0
1698,1698.xml,0
1699,1699.xml,0
1700,1700.xml,0
1701,1701.xml,0
1702,1702.xml,0
1703,1703.xml,0
1704,1704.xml,0
1705,1705.xml,0
1707,1707.xml,0
1708,1708.xml,1
1709,1709.xml,0
1710,1710.xml,0
1711,1711.xml,0
1712,1712.xml,0
1713,1713.xml,0
1714,1714.xml,1
1715,1715.xml,0
1718,1718.xml,1
1719,1719.xml,0
1720,1720.xml,0
1721,1721.xml,0
1723,1723.xml,0
1724,1724.xml,0
1725,1725.xml,0
1726,1726.xml,0
1727,1727.xml,1
1728,1728.xml,0
1729,1729.xml,0
1730,1730.xml,0
1731,1731.xml,0
1732,1732.xml,1
1733,1733.xml,0
1734,1734.xml,1
1735,1735.xml,0
1736,1736.xml,0
1737,1737.xml,0
1739,1739.xml,0
1740,1740.xml,0
1741,1741.xml,0
1742,1742.xml,0
1743,1743.xml,0
1744,1744.xml,0
1745,1745.xml,0
1746,1746.xml,0
1747,1747.xml,1
1748,1748.xml,0
1749,1749.xml,0
1750,1750.xml,0
1751,1751.xml,1
1752,1752.xml,1
1753,1753.xml,0
1754,1754.xml,0
1755,1755.xml,0
1756,1756.xml,0
1757,1757.xml,0
1758,1758.xml,1
1759,1759.xml,1
1760,1760.xml,0
1762,1762.xml,0
1764,1764.xml,1
1765,1765.xml,1
1766,1766.xml,0
1767,1767.xml,1
1768,1768.xml,1
1769,1769.xml,1
1770,1770.xml,0
1771,1771.xml,0
1772,1772.xml,0
1773,1773.xml,0
1774,1774.xml,0
1775,1775.xml,0
1776,1776.xml,0
1777,1777.xml,0
1778,1778.xml,0
1779,1779.xml,0
1780,1780.xml,0
1781,1781.xml,0
1782,1782.xml,0
1783,1783.xml,1
1784,1784.xml,0
1785,1785.xml,0
1786,1786.xml,0
1787,1787.xml,0
1788,1788.xml,0
1789,1789.xml,0
1790,1790.xml,0
1791,1791.xml,0
1792,1792.xml,0
1793,1793.xml,0
1794,1794.xml,1
1795,1795.xml,0
1796,1796.xml,0
1797,1797.xml,1
1798,1798.xml,0
1799,1799.xml,0
1800,1800.xml,0
1801,1801.xml,0
1802,1802.xml,0
1803,1803.xml,1
1804,1804.xml,0
1805,1805.xml,0
1806,1806.xml,0
1807,1807.xml,0
1808,1808.xml,0
1809,1809.xml,0
1810,1810.xml,0
1811,1811.xml,0
1812,1812.xml,0
1813,1813.xml,0
1814,1814.xml,1
1815,1815.xml,0
1816,1816.xml,1
1817,1817.xml,0
1818,1818.xml,0
1820,1820.xml,1
1821,1821.xml,0
1822,1822.xml,0
1823,1823.xml,0
1824,1824.xml,1
1826,1826.xml,0
1827,1827.xml,0
1828,1828.xml,0
1829,1829.xml,0
1830,1830.xml,0
1831,1831.xml,0
1832,1832.xml,0
1833,1833.xml,0
1834,1834.xml,0
1835,1835.xml,0
1836,1836.xml,0
1837,1837.xml,1
1838,1838.xml,0
1839,1839.xml,0
1840,1840.xml,0
1841,1841.xml,0
1842,1842.xml,0
1843,1843.xml,0
1844,1844.xml,0
1845,1845.xml,0
1846,1846.xml,1
1847,1847.xml,0
1848,1848.xml,0
1850,1850.xml,0
1851,1851.xml,0
1852,1852.xml,0
1853,1853.xml,1
1854,1854.xml,0
1855,1855.xml,0
1856,1856.xml,0
1857,1857.xml,0
1858,1858.xml,0
1859,1859.xml,0
1860,1860.xml,1
1861,1861.xml,1
1862,1862.xml,0
1863,1863.xml,0
1865,1865.xml,0
1866,1866.xml,0
1867,1867.xml,0
1868,1868.xml,0
1869,1869.xml,0
1870,1870.xml,0
1871,1871.xml,0
1872,1872.xml,1
1873,1873.xml,1
1875,1875.xml,0
1876,1876.xml,0
1877,1877.xml,1
1878,1878.xml,0
1879,1879.xml,0
1880,1880.xml,0
1881,1881.xml,0
1882,1882.xml,0
1883,1883.xml,0
1884,1884.xml,0
1885,1885.xml,0
1886,1886.xml,0
1887,1887.xml,0
1888,1888.xml,0
1889,1889.xml,0
1890,1890.xml,0
1891,1891.xml,0
1892,1892.xml,0
1893,1893.xml,0
1894,1894.xml,0
1895,1895.xml,0
1896,1896.xml,0
1897,1897.xml,0
1898,1898.xml,0
1899,1899.xml,0
1900,1900.xml,0
1901,1901.xml,0
1902,1902.xml,0
1903,1903.xml,0
1904,1904.xml,0
1905,1905.xml,0
1906,1906.xml,0
1907,1907.xml,0
1908,1908.xml,0
1909,1909.xml,0
1910,1910.xml,0
1911,1911.xml,0
1912,1912.xml,0
1913,1913.xml,0
1914,1914.xml,0
1915,1915.xml,0
1916,1916.xml,0
1917,1917.xml,1
1918,1918.xml,0
1919,1919.xml,1
1920,1920.xml,0
1921,1921.xml,0
1922,1922.xml,0
1923,1923.xml,0
1924,1924.xml,1
1925,1925.xml,0
1926,1926.xml,0
1927,1927.xml,0
1928,1928.xml,0
1929,1929.xml,0
1930,1930.xml,0
1931,1931.xml,0
1932,1932.xml,0
1933,1933.xml,0
1934,1934.xml,0
1935,1935.xml,0
1936,1936.xml,0
1937,1937.xml,0
1938,1938.xml,0
1939,1939.xml,0
1940,1940.xml,0
1941,1941.xml,0
1942,1942.xml,0
1943,1943.xml,0
1944,1944.xml,0
1945,1945.xml,0
1946,1946.xml,0
1947,1947.xml,0
1948,1948.xml,0
1949,1949.xml,0
1950,1950.xml,0
1951,1951.xml,0
1952,1952.xml,0
1953,1953.xml,0
1954,1954.xml,0
1955,1955.xml,0
1957,1957.xml,0
1958,1958.xml,0
1959,1959.xml,0
1960,1960.xml,0
1961,1961.xml,0
1962,1962.xml,0
1963,1963.xml,0
1964,1964.xml,0
1965,1965.xml,0
1966,1966.xml,0
1967,1967.xml,0
1968,1968.xml,0
1969,1969.xml,0
1970,1970.xml,0
1971,1971.xml,0
1972,1972.xml,0
1974,1974.xml,0
1975,1975.xml,0
1976,1976.xml,0
1977,1977.xml,0
1978,1978.xml,0
1979,1979.xml,0
1980,1980.xml,0
1982,1982.xml,0
1983,1983.xml,0
1984,1984.xml,0
1985,1985.xml,0
1986,1986.xml,0
1987,1987.xml,0
1988,1988.xml,0
1989,1989.xml,0
1990,1990.xml,0
1991,1991.xml,0
1992,1992.xml,0
1993,1993.xml,0
1994,1994.xml,0
1995,1995.xml,0
1996,1996.xml,0
1997,1997.xml,0
1998,1998.xml,0
1999,1999.xml,0
2000,2000.xml,0
2001,2001.xml,1
2002,2002.xml,0
2003,2003.xml,0
2004,2004.xml,0
2005,2005.xml,1
2006,2006.xml,0
2007,2007.xml,0
2008,2008.xml,0
2009,2009.xml,0
2010,2010.xml,0
2011,2011.xml,0
2012,2012.xml,0
2013,2013.xml,0
2014,2014.xml,0
2015,2015.xml,0
2016,2016.xml,1
2017,2017.xml,0
2018,2018.xml,0
2019,2019.xml,0
2020,2020.xml,1
2021,2021.xml,0
2022,2022.xml,0
2023,2023.xml,0
2024,2024.xml,0
2025,2025.xml,0
2026,2026.xml,1
2027,2027.xml,0
2028,2028.xml,1
2029,2029.xml,1
2030,2030.xml,0
2032,2032.xml,0
2033,2033.xml,1
2034,2034.xml,0
2035,2035.xml,1
2036,2036.xml,0
2037,2037.xml,0
2038,2038.xml,0
2039,2039.xml,0
2040,2040.xml,0
2041,2041.xml,0
2042,2042.xml,1
2043,2043.xml,0
2044,2044.xml,0
2045,2045.xml,0
2046,2046.xml,0
2047,2047.xml,1
2048,2048.xml,1
2049,2049.xml,1
2050,2050.xml,0
2051,2051.xml,0
2052,2052.xml,0
2053,2053.xml,0
2054,2054.xml,0
2055,2055.xml,1
2056,2056.xml,1
2057,2057.xml,0
2058,2058.xml,0
2059,2059.xml,0
2060,2060.xml,0
2061,2061.xml,1
2062,2062.xml,0
2063,2063.xml,0
2064,2064.xml,0
2065,2065.xml,1
2066,2066.xml,0
2067,2067.xml,0
2068,2068.xml,0
2069,2069.xml,0
2070,2070.xml,0
2071,2071.xml,0
2073,2073.xml,0
2074,2074.xml,0
2075,2075.xml,0
2076,2076.xml,0
2077,2077.xml,0
2078,2078.xml,0
2079,2079.xml,1
2080,2080.xml,0
2081,2081.xml,0
2082,2082.xml,0
2083,2083.xml,0
2084,2084.xml,0
2085,2085.xml,0
2086,2086.xml,0
2087,2087.xml,0
2088,2088.xml,0
2089,2089.xml,1
2090,2090.xml,0
2091,2091.xml,0
2093,2093.xml,0
2094,2094.xml,0
2095,2095.xml,0
2096,2096.xml,0
2097,2097.xml,0
2098,2098.xml,0
2099,2099.xml,1
2100,2100.xml,0
2101,2101.xml,1
2102,2102.xml,0
2104,2104.xml,0
2105,2105.xml,0
2106,2106.xml,0
2107,2107.xml,0
2109,2109.xml,1
2110,2110.xml,0
2111,2111.xml,0
2112,2112.xml,1
2113,2113.xml,0
2114,2114.xml,0
2115,2115.xml,0
2116,2116.xml,1
2117,2117.xml,0
2118,2118.xml,0
2119,2119.xml,0
2120,2120.xml,0
2121,2121.xml,0
2122,2122.xml,1
2123,2123.xml,0
2124,2124.xml,0
2125,2125.xml,0
2126,2126.xml,0
2127,2127.xml,0
2128,2128.xml,0
2129,2129.xml,0
2130,2130.xml,1
2131,2131.xml,0
2132,2132.xml,0
2133,2133.xml,1
2134,2134.xml,0
2135,2135.xml,0
2136,2136.xml,1
2138,2138.xml,0
2139,2139.xml,0
2140,2140.xml,0
2141,2141.xml,0
2142,2142.xml,0
2143,2143.xml,0
2144,2144.xml,0
2145,2145.xml,0
2146,2146.xml,0
2147,2147.xml,0
2148,2148.xml,1
2149,2149.xml,1
2150,2150.xml,0
2151,2151.xml,0
2152,2152.xml,0
2153,2153.xml,1
2154,2154.xml,1
2155,2155.xml,0
2156,2156.xml,0
2157,2157.xml,1
2158,2158.xml,0
2159,2159.xml,0
2160,2160.xml,0
2161,2161.xml,0
2162,2162.xml,0
2163,2163.xml,1
2164,2164.xml,0
2165,2165.xml,0
2166,2166.xml,1
2167,2167.xml,1
2168,2168.xml,0
2170,2170.xml,0
2171,2171.xml,0
2172,2172.xml,0
2173,2173.xml,1
2174,2174.xml,0
2175,2175.xml,0
2176,2176.xml,1
2177,2177.xml,0
2179,2179.xml,0
2180,2180.xml,0
2181,2181.xml,0
2182,2182.xml,1
2183,2183.xml,0
2184,2184.xml,0
2185,2185.xml,0
2186,2186.xml,0
2187,2187.xml,0
2188,2188.xml,1
2189,2189.xml,0
2190,2190.xml,0
2191,2191.xml,0
2192,2192.xml,0
2193,2193.xml,1
2194,2194.xml,1
2195,2195.xml,0
2196,2196.xml,1
2199,2199.xml,0
2200,2200.xml,0
2202,2202.xml,0
2203,2203.xml,1
2204,2204.xml,0
2205,2205.xml,1
2206,2206.xml,0
2207,2207.xml,0
2208,2208.xml,0
2209,2209.xml,0
2210,2210.xml,0
2211,2211.xml,1
2213,2213.xml,1
2214,2214.xml,0
2216,2216.xml,1
2217,2217.xml,0
2218,2218.xml,0
2219,2219.xml,0
2220,2220.xml,0
2221,2221.xml,1
2222,2222.xml,0
2223,2223.xml,0
2224,2224.xml,0
2225,2225.xml,0
2226,2226.xml,0
2227,2227.xml,1
2228,2228.xml,0
2229,2229.xml,0
2230,2230.xml,1
2231,2231.xml,0
2232,2232.xml,0
2233,2233.xml,0
2234,2234.xml,1
2235,2235.xml,0
2236,2236.xml,1
2238,2238.xml,1
2239,2239.xml,0
2240,2240.xml,0
2241,2241.xml,0
2242,2242.xml,0
2243,2243.xml,0
2245,2245.xml,0
2246,2246.xml,0
2247,2247.xml,0
2248,2248.xml,0
2249,2249.xml,1
2250,2250.xml,0
2251,2251.xml,0
2252,2252.xml,1
2253,2253.xml,1
2254,2254.xml,0
2255,2255.xml,0
2256,2256.xml,0
2257,2257.xml,0
2258,2258.xml,0
2259,2259.xml,1
2260,2260.xml,1
2261,2261.xml,0
2262,2262.xml,0
2263,2263.xml,0
2264,2264.xml,0
2265,2265.xml,1
2266,2266.xml,1
2267,2267.xml,0
2268,2268.xml,0
2269,2269.xml,0
2270,2270.xml,1
2271,2271.xml,0
2272,2272.xml,0
2273,2273.xml,1
2274,2274.xml,0
2275,2275.xml,1
2276,2276.xml,1
2277,2277.xml,0
2278,2278.xml,0
2279,2279.xml,1
2280,2280.xml,0
2281,2281.xml,0
2282,2282.xml,0
2283,2283.xml,0
2284,2284.xml,0
2286,2286.xml,0
2287,2287.xml,0
2288,2288.xml,0
2289,2289.xml,0
2290,2290.xml,1
2291,2291.xml,0
2292,2292.xml,0
2293,2293.xml,0
2294,2294.xml,0
2295,2295.xml,0
2296,2296.xml,0
2297,2297.xml,0
2298,2298.xml,1
2299,2299.xml,0
2300,2300.xml,0
2301,2301.xml,0
2303,2303.xml,1
2304,2304.xml,1
2305,2305.xml,0
2306,2306.xml,0
2307,2307.xml,1
2308,2308.xml,1
2309,2309.xml,1
2310,2310.xml,0
2311,2311.xml,0
2312,2312.xml,1
2313,2313.xml,0
2314,2314.xml,0
2315,2315.xml,0
2316,2316.xml,1
2317,2317.xml,0
2318,2318.xml,0
2319,2319.xml,0
2320,2320.xml,1
2321,2321.xml,0
2322,2322.xml,0
2323,2323.xml,0
2324,2324.xml,0
2325,2325.xml,0
2326,2326.xml,0
2327,2327.xml,0
2328,2328.xml,0
2329,2329.xml,0
2330,2330.xml,0
2332,2332.xml,1
2333,2333.xml,1
2334,2334.xml,0
2335,2335.xml,1
2336,2336.xml,0
2337,2337.xml,1
2338,2338.xml,1
2339,2339.xml,1
2340,2340.xml,1
2341,2341.xml,0
2342,2342.xml,1
2343,2343.xml,0
2344,2344.xml,0
2345,2345.xml,0
2346,2346.xml,1
2347,2347.xml,1
2348,2348.xml,1
2349,2349.xml,0
2350,2350.xml,1
2351,2351.xml,0
2353,2353.xml,1
2354,2354.xml,0
2355,2355.xml,0
2356,2356.xml,0
2357,2357.xml,1
2358,2358.xml,0
2359,2359.xml,0
2360,2360.xml,0
2361,2361.xml,0
2362,2362.xml,0
2363,2363.xml,0
2364,2364.xml,0
2365,2365.xml,0
2366,2366.xml,1
2367,2367.xml,0
2368,2368.xml,0
2369,2369.xml,0
2370,2370.xml,1
2371,2371.xml,0
2372,2372.xml,0
2373,2373.xml,0
2375,2375.xml,0
2376,2376.xml,0
2377,2377.xml,1
2378,2378.xml,0
2379,2379.xml,1
2380,2380.xml,1
2381,2381.xml,0
2382,2382.xml,0
2383,2383.xml,0
2384,2384.xml,0
2385,2385.xml,1
2386,2386.xml,1
2387,2387.xml,0
2388,2388.xml,0
2389,2389.xml,0
2390,2390.xml,0
2391,2391.xml,1
2392,2392.xml,0
2393,2393.xml,1
2394,2394.xml,0
2395,2395.xml,0
2397,2397.xml,1
2399,2399.xml,0
2400,2400.xml,0
2401,2401.xml,0
2402,2402.xml,1
2403,2403.xml,0
2404,2404.xml,0
2405,2405.xml,1
2406,2406.xml,0
2407,2407.xml,0
2408,2408.xml,0
2409,2409.xml,1
2410,2410.xml,0
2412,2412.xml,0
2413,2413.xml,0
2414,2414.xml,0
2415,2415.xml,0
2416,2416.xml,0
2417,2417.xml,0
2418,2418.xml,0
2419,2419.xml,0
2420,2420.xml,0
2421,2421.xml,1
2422,2422.xml,0
2423,2423.xml,0
2424,2424.xml,0
2425,2425.xml,0
2426,2426.xml,0
2427,2427.xml,0
2428,2428.xml,1
2429,2429.xml,1
2430,2430.xml,0
2431,2431.xml,0
2432,2432.xml,0
2433,2433.xml,1
2434,2434.xml,0
2435,2435.xml,1
2436,2436.xml,0
2437,2437.xml,1
2438,2438.xml,0
2439,2439.xml,0
2440,2440.xml,1
2441,2441.xml,0
2443,2443.xml,0
2444,2444.xml,0
2445,2445.xml,0
2446,2446.xml,0
2447,2447.xml,0
2448,2448.xml,0
2449,2449.xml,0
2450,2450.xml,0
2451,2451.xml,0
2452,2452.xml,0
2453,2453.xml,0
2454,2454.xml,0
2455,2455.xml,0
2456,2456.xml,0
2457,2457.xml,0
2458,2458.xml,1
2459,2459.xml,1
2460,2460.xml,1
2461,2461.xml,0
2462,2462.xml,0
2463,2463.xml,0
2464,2464.xml,0
2465,2465.xml,0
2466,2466.xml,0
2467,2467.xml,0
2468,2468.xml,0
2469,2469.xml,0
2470,2470.xml,0
2471,2471.xml,1
2473,2473.xml,0
2474,2474.xml,0
2475,2475.xml,0
2476,2476.xml,0
2477,2477.xml,0
2478,2478.xml,1
2479,2479.xml,1
2480,2480.xml,0
2481,2481.xml,0
2482,2482.xml,1
2483,2483.xml,1
2484,2484.xml,1
2485,2485.xml,0
2486,2486.xml,0
2487,2487.xml,0
2488,2488.xml,1
2489,2489.xml,0
2490,2490.xml,1
2491,2491.xml,0
2492,2492.xml,1
2493,2493.xml,0
2494,2494.xml,1
2495,2495.xml,0
2496,2496.xml,1
2497,2497.xml,0
2498,2498.xml,0
2499,2499.xml,0
2500,2500.xml,0
2501,2501.xml,0
2502,2502.xml,0
2503,2503.xml,0
2504,2504.xml,1
2505,2505.xml,0
2506,2506.xml,0
2507,2507.xml,0
2508,2508.xml,0
2509,2509.xml,0
2510,2510.xml,0
2511,2511.xml,0
2512,2512.xml,0
2514,2514.xml,0
2515,2515.xml,0
2516,2516.xml,0
2517,2517.xml,0
2518,2518.xml,1
2519,2519.xml,1
2520,2520.xml,0
2521,2521.xml,0
2522,2522.xml,0
2524,2524.xml,0
2525,2525.xml,0
2526,2526.xml,0
2527,2527.xml,0
2528,2528.xml,0
2529,2529.xml,0
2530,2530.xml,0
2531,2531.xml,0
2532,2532.xml,0
2533,2533.xml,0
2534,2534.xml,0
2535,2535.xml,0
2536,2536.xml,0
2537,2537.xml,0
2538,2538.xml,0
2539,2539.xml,1
2540,2540.xml,0
2541,2541.xml,0
2542,2542.xml,0
2543,2543.xml,0
2544,2544.xml,1
2545,2545.xml,0
2546,2546.xml,0
2547,2547.xml,0
2548,2548.xml,1
2549,2549.xml,1
2550,2550.xml,0
2551,2551.xml,0
2552,2552.xml,0
2553,2553.xml,0
2554,2554.xml,0
2555,2555.xml,0
2556,2556.xml,0
2557,2557.xml,0
2558,2558.xml,1
2559,2559.xml,0
2560,2560.xml,1
2561,2561.xml,1
2562,2562.xml,1
2564,2564.xml,0
2565,2565.xml,0
2566,2566.xml,1
2567,2567.xml,1
2568,2568.xml,1
2569,2569.xml,1
2570,2570.xml,0
2571,2571.xml,0
2572,2572.xml,0
2573,2573.xml,0
2574,2574.xml,0
2575,2575.xml,0
2576,2576.xml,0
2577,2577.xml,0
2578,2578.xml,0
2579,2579.xml,1
2580,2580.xml,1
2581,2581.xml,0
2582,2582.xml,0
2583,2583.xml,0
2584,2584.xml,1
2585,2585.xml,0
2586,2586.xml,0
2587,2587.xml,1
2588,2588.xml,0
2589,2589.xml,0
2590,2590.xml,1
2591,2591.xml,1
2592,2592.xml,0
2593,2593.xml,1
2594,2594.xml,0
2595,2595.xml,0
2596,2596.xml,0
2597,2597.xml,0
2598,2598.xml,0
2599,2599.xml,0
2600,2600.xml,0
2601,2601.xml,0
2602,2602.xml,1
2603,2603.xml,0
2604,2604.xml,0
2605,2605.xml,0
2606,2606.xml,0
2607,2607.xml,0
2608,2608.xml,1
2609,2609.xml,0
2610,2610.xml,0
2611,2611.xml,1
2612,2612.xml,0
2613,2613.xml,1
2614,2614.xml,0
2615,2615.xml,0
2616,2616.xml,0
2618,2618.xml,0
2619,2619.xml,1
2620,2620.xml,0
2622,2622.xml,0
2623,2623.xml,0
2624,2624.xml,0
2625,2625.xml,0
2626,2626.xml,0
2627,2627.xml,0
2628,2628.xml,0
2629,2629.xml,0
2630,2630.xml,1
2631,2631.xml,0
2632,2632.xml,0
2633,2633.xml,0
2634,2634.xml,0
2635,2635.xml,0
2636,2636.xml,0
2637,2637.xml,0
2639,2639.xml,0
2640,2640.xml,0
2641,2641.xml,0
2642,2642.xml,0
2643,2643.xml,0
2644,2644.xml,0
2645,2645.xml,1
2646,2646.xml,0
2647,2647.xml,0
2648,2648.xml,0
2649,2649.xml,1
2651,2651.xml,0
2652,2652.xml,0
2653,2653.xml,0
2654,2654.xml,0
2655,2655.xml,0
2656,2656.xml,0
2657,2657.xml,0
2658,2658.xml,1
2660,2660.xml,0
2661,2661.xml,0
2662,2662.xml,0
2663,2663.xml,1
2664,2664.xml,1
2665,2665.xml,0
2666,2666.xml,1
2667,2667.xml,1
2668,2668.xml,0
2669,2669.xml,0
2671,2671.xml,1
2672,2672.xml,0
2673,2673.xml,0
2674,2674.xml,1
2675,2675.xml,0
2676,2676.xml,0
2677,2677.xml,1
2678,2678.xml,0
2679,2679.xml,0
2680,2680.xml,0
2681,2681.xml,0
2682,2682.xml,0
2683,2683.xml,0
2684,2684.xml,0
2685,2685.xml,0
2686,2686.xml,0
2687,2687.xml,1
2688,2688.xml,0
2689,2689.xml,0
2690,2690.xml,0
2692,2692.xml,0
2693,2693.xml,1
2694,2694.xml,0
2695,2695.xml,1
2696,2696.xml,0
2697,2697.xml,0
2699,2699.xml,0
2700,2700.xml,1
2701,2701.xml,0
2702,2702.xml,0
2703,2703.xml,0
2704,2704.xml,0
2705,2705.xml,0
2706,2706.xml,0
2707,2707.xml,0
2708,2708.xml,1
2709,2709.xml,0
2710,2710.xml,0
2711,2711.xml,1
2712,2712.xml,0
2713,2713.xml,0
2714,2714.xml,0
2715,2715.xml,0
2716,2716.xml,0
2718,2718.xml,1
2719,2719.xml,0
2720,2720.xml,1
2721,2721.xml,0
2722,2722.xml,1
2723,2723.xml,1
2724,2724.xml,0
2725,2725.xml,0
2726,2726.xml,0
2727,2727.xml,0
2728,2728.xml,0
2729,2729.xml,1
2730,2730.xml,0
2731,2731.xml,0
2733,2733.xml,0
2734,2734.xml,0
2735,2735.xml,0
2736,2736.xml,0
2737,2737.xml,0
2738,2738.xml,0
2739,2739.xml,0
2740,2740.xml,0
2741,2741.xml,0
2742,2742.xml,1
2743,2743.xml,0
2744,2744.xml,0
2745,2745.xml,0
2746,2746.xml,0
2747,2747.xml,0
2748,2748.xml,1
2749,2749.xml,0
2750,2750.xml,1
2751,2751.xml,1
2752,2752.xml,1
2753,2753.xml,0
2754,2754.xml,1
2755,2755.xml,0
2756,2756.xml,1
2757,2757.xml,1
2758,2758.xml,0
2759,2759.xml,0
2760,2760.xml,0
2761,2761.xml,1
2762,2762.xml,0
2763,2763.xml,0
2764,2764.xml,0
2765,2765.xml,0
2766,2766.xml,0
2767,2767.xml,0
2768,2768.xml,0
2769,2769.xml,0
2770,2770.xml,0
2772,2772.xml,1
2773,2773.xml,1
2774,2774.xml,0
2775,2775.xml,0
2776,2776.xml,0
2777,2777.xml,0
2778,2778.xml,0
2779,2779.xml,1
2780,2780.xml,0
2781,2781.xml,1
2782,2782.xml,0
2783,2783.xml,0
2784,2784.xml,0
2785,2785.xml,0
2786,2786.xml,0
2787,2787.xml,1
2788,2788.xml,0
2789,2789.xml,1
2790,2790.xml,0
2791,2791.xml,0
2792,2792.xml,1
2793,2793.xml,0
2794,2794.xml,0
2795,2795.xml,0
2796,2796.xml,0
2797,2797.xml,1
2798,2798.xml,0
2799,2799.xml,0
2800,2800.xml,1
2801,2801.xml,1
2802,2802.xml,0
2803,2803.xml,1
2804,2804.xml,0
2805,2805.xml,0
2806,2806.xml,1
2807,2807.xml,1
2808,2808.xml,0
2809,2809.xml,1
2810,2810.xml,0
2811,2811.xml,0
2812,2812.xml,0
2813,2813.xml,0
2814,2814.xml,0
2815,2815.xml,0
2816,2816.xml,0
2817,2817.xml,0
2818,2818.xml,0
2819,2819.xml,0
2820,2820.xml,1
2821,2821.xml,0
2822,2822.xml,0
2823,2823.xml,0
2824,2824.xml,0
2825,2825.xml,1
2826,2826.xml,1
2827,2827.xml,1
2828,2828.xml,0
2829,2829.xml,0
2830,2830.xml,0
2831,2831.xml,0
2832,2832.xml,0
2833,2833.xml,0
2834,2834.xml,1
2835,2835.xml,0
2836,2836.xml,1
2837,2837.xml,0
2838,2838.xml,0
2839,2839.xml,1
2840,2840.xml,0
2841,2841.xml,0
2842,2842.xml,0
2843,2843.xml,0
2844,2844.xml,0
2845,2845.xml,0
2846,2846.xml,0
2847,2847.xml,0
2848,2848.xml,0
2849,2849.xml,1
2850,2850.xml,1
2851,2851.xml,0
2852,2852.xml,0
2853,2853.xml,0
2854,2854.xml,0
2855,2855.xml,0
2856,2856.xml,1
2857,2857.xml,0
2858,2858.xml,0
2859,2859.xml,0
2860,2860.xml,0
2861,2861.xml,0
2862,2862.xml,0
2863,2863.xml,0
2864,2864.xml,0
2865,2865.xml,0
2866,2866.xml,1
2867,2867.xml,0
2868,2868.xml,0
2869,2869.xml,0
2870,2870.xml,0
2871,2871.xml,0
2872,2872.xml,0
2873,2873.xml,1
2874,2874.xml,0
2875,2875.xml,0
2876,2876.xml,0
2877,2877.xml,1
2878,2878.xml,0
2879,2879.xml,0
2880,2880.xml,0
2882,2882.xml,0
2883,2883.xml,0
2884,2884.xml,0
2885,2885.xml,0
2886,2886.xml,1
2887,2887.xml,1
2888,2888.xml,0
2889,2889.xml,0
2890,2890.xml,1
2891,2891.xml,0
2892,2892.xml,0
2893,2893.xml,0
2894,2894.xml,0
2895,2895.xml,0
2896,2896.xml,0
2897,2897.xml,0
2898,2898.xml,0
2899,2899.xml,0
2900,2900.xml,0
2901,2901.xml,0
2902,2902.xml,0
2903,2903.xml,0
2904,2904.xml,0
2905,2905.xml,0
2906,2906.xml,0
2907,2907.xml,0
2908,2908.xml,1
2909,2909.xml,0
2910,2910.xml,0
2911,2911.xml,0
2912,2912.xml,1
2913,2913.xml,0
2914,2914.xml,0
2915,2915.xml,1
2917,2917.xml,0
2918,2918.xml,1
2919,2919.xml,1
2920,2920.xml,1
2921,2921.xml,0
2922,2922.xml,0
2923,2923.xml,0
2924,2924.xml,0
2925,2925.xml,0
2926,2926.xml,0
2927,2927.xml,0
2928,2928.xml,1
2929,2929.xml,1
2930,2930.xml,1
2931,2931.xml,0
2932,2932.xml,0
2933,2933.xml,0
2934,2934.xml,0
2935,2935.xml,0
2937,2937.xml,0
2938,2938.xml,1
2939,2939.xml,0
2940,2940.xml,0
2941,2941.xml,0
2942,2942.xml,0
2943,2943.xml,0
2944,2944.xml,0
2945,2945.xml,0
2947,2947.xml,0
2949,2949.xml,0
2950,2950.xml,0
2951,2951.xml,0
2952,2952.xml,0
2953,2953.xml,0
2954,2954.xml,0
2955,2955.xml,0
2956,2956.xml,0
2957,2957.xml,0
2958,2958.xml,0
2959,2959.xml,0
2960,2960.xml,1
2961,2961.xml,1
2962,2962.xml,1
2963,2963.xml,1
2964,2964.xml,0
2965,2965.xml,0
2966,2966.xml,0
2967,2967.xml,0
2968,2968.xml,0
2969,2969.xml,0
2970,2970.xml,0
2971,2971.xml,0
2972,2972.xml,0
2973,2973.xml,0
2974,2974.xml,0
2977,2977.xml,0
2978,2978.xml,0
2979,2979.xml,0
2980,2980.xml,0
2981,2981.xml,0
2982,2982.xml,0
2983,2983.xml,0
2984,2984.xml,0
2985,2985.xml,0
2986,2986.xml,0
2987,2987.xml,0
2988,2988.xml,0
2989,2989.xml,0
2990,2990.xml,0
2991,2991.xml,0
2992,2992.xml,0
2993,2993.xml,0
2994,2994.xml,0
2995,2995.xml,0
2996,2996.xml,0
2997,2997.xml,0
2998,2998.xml,0
2999,2999.xml,0
3000,3000.xml,0
3001,3001.xml,0
3002,3002.xml,0
3003,3003.xml,0
3004,3004.xml,0
3006,3006.xml,0
3007,3007.xml,0
3008,3008.xml,1
3009,3009.xml,0
3010,3010.xml,0
3011,3011.xml,0
3012,3012.xml,0
3013,3013.xml,0
3014,3014.xml,0
3015,3015.xml,0
3016,3016.xml,0
3017,3017.xml,0
3018,3018.xml,0
3019,3019.xml,0
3020,3020.xml,0
3021,3021.xml,0
3022,3022.xml,0
3023,3023.xml,0
3024,3024.xml,0
3025,3025.xml,0
3026,3026.xml,1
3027,3027.xml,0
3028,3028.xml,0
3029,3029.xml,0
3030,3030.xml,0
3031,3031.xml,0
3032,3032.xml,0
3033,3033.xml,0
3034,3034.xml,0
3035,3035.xml,0
3036,3036.xml,0
3037,3037.xml,1
3038,3038.xml,0
3039,3039.xml,0
3040,3040.xml,0
3041,3041.xml,0
3042,3042.xml,0
3043,3043.xml,0
3044,3044.xml,0
3045,3045.xml,0
3046,3046.xml,0
3047,3047.xml,0
3048,3048.xml,0
3049,3049.xml,0
3050,3050.xml,0
3051,3051.xml,0
3052,3052.xml,0
3053,3053.xml,0
3054,3054.xml,0
3055,3055.xml,0
3057,3057.xml,0
3058,3058.xml,0
3059,3059.xml,0
3060,3060.xml,0
3061,3061.xml,0
3062,3062.xml,1
3063,3063.xml,0
3064,3064.xml,0
3065,3065.xml,0
3066,3066.xml,0
3067,3067.xml,0
3068,3068.xml,0
3069,3069.xml,0
3070,3070.xml,0
3071,3071.xml,0
3072,3072.xml,0
3073,3073.xml,0
3074,3074.xml,0
3075,3075.xml,0
3076,3076.xml,0
3077,3077.xml,1
3078,3078.xml,0
3079,3079.xml,0
3080,3080.xml,1
3081,3081.xml,0
3082,3082.xml,0
3083,3083.xml,0
3085,3085.xml,0
3086,3086.xml,0
3087,3087.xml,0
3088,3088.xml,0
3089,3089.xml,0
3090,3090.xml,0
3091,3091.xml,1
3092,3092.xml,0
3093,3093.xml,0
3094,3094.xml,0
3095,3095.xml,0
3096,3096.xml,0
3097,3097.xml,0
3098,3098.xml,0
3099,3099.xml,0
3100,3100.xml,0
3101,3101.xml,0
3102,3102.xml,0
3103,3103.xml,0
3104,3104.xml,0
3105,3105.xml,0
3106,3106.xml,0
3107,3107.xml,0
3108,3108.xml,0
3109,3109.xml,0
3110,3110.xml,0
3111,3111.xml,0
3112,3112.xml,0
3113,3113.xml,0
3114,3114.xml,0
3115,3115.xml,0
3116,3116.xml,0
3117,3117.xml,1
3118,3118.xml,1
3119,3119.xml,0
3120,3120.xml,0
3121,3121.xml,0
3122,3122.xml,0
3123,3123.xml,0
3124,3124.xml,0
3125,3125.xml,0
3127,3127.xml,0
3128,3128.xml,0
3129,3129.xml,0
3131,3131.xml,0
3132,3132.xml,0
3133,3133.xml,0
3134,3134.xml,0
3135,3135.xml,0
3136,3136.xml,0
3137,3137.xml,0
3138,3138.xml,0
3139,3139.xml,0
3140,3140.xml,0
3141,3141.xml,0
3142,3142.xml,0
3143,3143.xml,0
3144,3144.xml,0
3145,3145.xml,0
3146,3146.xml,0
3147,3147.xml,0
3148,3148.xml,0
3149,3149.xml,0
3150,3150.xml,0
3151,3151.xml,0
3152,3152.xml,0
3153,3153.xml,0
3154,3154.xml,0
3155,3155.xml,0
3156,3156.xml,0
3157,3157.xml,0
3158,3158.xml,0
3159,3159.xml,0
3160,3160.xml,0
3161,3161.xml,1
3162,3162.xml,0
3163,3163.xml,0
3164,3164.xml,0
3165,3165.xml,0
3166,3166.xml,0
3167,3167.xml,0
3168,3168.xml,0
3169,3169.xml,0
3170,3170.xml,0
3171,3171.xml,0
3172,3172.xml,0
3173,3173.xml,0
3174,3174.xml,0
3175,3175.xml,0
3176,3176.xml,0
3177,3177.xml,0
3178,3178.xml,0
3179,3179.xml,0
3180,3180.xml,0
3181,3181.xml,0
3182,3182.xml,0
3183,3183.xml,0
3184,3184.xml,0
3185,3185.xml,0
3186,3186.xml,0
3187,3187.xml,0
3188,3188.xml,0
3189,3189.xml,0
3190,3190.xml,0
3192,3192.xml,0
3193,3193.xml,0
3194,3194.xml,1
3195,3195.xml,0
3196,3196.xml,0
3197,3197.xml,0
3198,3198.xml,0
3199,3199.xml,0
3200,3200.xml,0
3201,3201.xml,0
3202,3202.xml,0
3203,3203.xml,0
3204,3204.xml,0
3205,3205.xml,0
3206,3206.xml,0
3207,3207.xml,0
3208,3208.xml,0
3209,3209.xml,0
3210,3210.xml,0
3211,3211.xml,0
3212,3212.xml,0
3213,3213.xml,0
3214,3214.xml,0
3215,3215.xml,0
3216,3216.xml,0
3217,3217.xml,0
3218,3218.xml,0
3220,3220.xml,0
3221,3221.xml,0
3222,3222.xml,0
3223,3223.xml,0
3224,3224.xml,0
3225,3225.xml,0
3226,3226.xml,0
3227,3227.xml,0
3228,3228.xml,0
3229,3229.xml,0
3230,3230.xml,0
3231,3231.xml,0
3232,3232.xml,0
3233,3233.xml,0
3234,3234.xml,0
3235,3235.xml,0
3236,3236.xml,0
3237,3237.xml,0
3238,3238.xml,0
3239,3239.xml,0
3240,3240.xml,0
3241,3241.xml,0
3242,3242.xml,1
3243,3243.xml,1
3244,3244.xml,0
3245,3245.xml,0
3246,3246.xml,0
3247,3247.xml,1
3248,3248.xml,0
3249,3249.xml,0
3250,3250.xml,0
3251,3251.xml,0
3252,3252.xml,0
3253,3253.xml,0
3254,3254.xml,1
3255,3255.xml,0
3256,3256.xml,0
3257,3257.xml,0
3259,3259.xml,0
3260,3260.xml,0
3261,3261.xml,0
3262,3262.xml,0
3263,3263.xml,0
3264,3264.xml,0
3265,3265.xml,0
3266,3266.xml,0
3267,3267.xml,0
3268,3268.xml,0
3269,3269.xml,1
3270,3270.xml,0
3271,3271.xml,1
3272,3272.xml,0
3273,3273.xml,1
3274,3274.xml,0
3275,3275.xml,1
3276,3276.xml,0
3277,3277.xml,0
3278,3278.xml,0
3279,3279.xml,0
3280,3280.xml,0
3281,3281.xml,0
3282,3282.xml,0
3283,3283.xml,0
3284,3284.xml,0
3285,3285.xml,0
3286,3286.xml,0
3287,3287.xml,0
3288,3288.xml,0
3289,3289.xml,0
3290,3290.xml,0
3291,3291.xml,0
3292,3292.xml,0
3293,3293.xml,0
3294,3294.xml,0
3295,3295.xml,0
3296,3296.xml,0
3297,3297.xml,0
3298,3298.xml,0
3299,3299.xml,0
3300,3300.xml,0
3301,3301.xml,0
3302,3302.xml,0
3303,3303.xml,0
3304,3304.xml,0
3306,3306.xml,0
3307,3307.xml,0
3308,3308.xml,0
3309,3309.xml,0
3310,3310.xml,0
3311,3311.xml,0
3312,3312.xml,0
3313,3313.xml,0
3314,3314.xml,0
3315,3315.xml,0
3316,3316.xml,0
3317,3317.xml,0
3318,3318.xml,0
3319,3319.xml,0
3320,3320.xml,0
3321,3321.xml,0
3322,3322.xml,0
3323,3323.xml,0
3324,3324.xml,0
3325,3325.xml,0
3326,3326.xml,0
3327,3327.xml,0
3328,3328.xml,0
3329,3329.xml,0
3330,3330.xml,0
3331,3331.xml,0
3332,3332.xml,0
3333,3333.xml,0
3334,3334.xml,0
3335,3335.xml,0
3337,3337.xml,0
3338,3338.xml,0
3339,3339.xml,0
3340,3340.xml,0
3341,3341.xml,0
3342,3342.xml,0
3343,3343.xml,1
3344,3344.xml,1
3345,3345.xml,0
3346,3346.xml,0
3347,3347.xml,0
3348,3348.xml,0
3349,3349.xml,0
3350,3350.xml,0
3351,3351.xml,0
3352,3352.xml,0
3353,3353.xml,0
3354,3354.xml,0
3355,3355.xml,0
3356,3356.xml,0
3357,3357.xml,0
3358,3358.xml,0
3359,3359.xml,1
3360,3360.xml,0
3361,3361.xml,0
3362,3362.xml,0
3363,3363.xml,0
3364,3364.xml,0
3365,3365.xml,0
3366,3366.xml,0
3367,3367.xml,0
3368,3368.xml,0
3369,3369.xml,0
3370,3370.xml,0
3371,3371.xml,0
3372,3372.xml,0
3373,3373.xml,0
3374,3374.xml,0
3375,3375.xml,0
3376,3376.xml,0
3377,3377.xml,0
3378,3378.xml,0
3379,3379.xml,0
3380,3380.xml,1
3381,3381.xml,0
3382,3382.xml,1
3383,3383.xml,0
3384,3384.xml,0
3385,3385.xml,0
3386,3386.xml,0
3387,3387.xml,0
3388,3388.xml,0
3389,3389.xml,0
3390,3390.xml,0
3391,3391.xml,0
3392,3392.xml,0
3393,3393.xml,0
3394,3394.xml,0
3395,3395.xml,0
3396,3396.xml,0
3397,3397.xml,0
3398,3398.xml,0
3400,3400.xml,0
3401,3401.xml,0
3402,3402.xml,0
3403,3403.xml,0
3404,3404.xml,0
3405,3405.xml,1
3406,3406.xml,0
3407,3407.xml,0
3409,3409.xml,0
3410,3410.xml,0
3411,3411.xml,0
3412,3412.xml,0
3413,3413.xml,0
3414,3414.xml,0
3415,3415.xml,0
3416,3416.xml,0
3417,3417.xml,0
3418,3418.xml,0
3419,3419.xml,0
3420,3420.xml,1
3421,3421.xml,0
3422,3422.xml,0
3423,3423.xml,0
3424,3424.xml,0
3425,3425.xml,0
3426,3426.xml,0
3427,3427.xml,0
3428,3428.xml,0
3430,3430.xml,0
3431,3431.xml,0
3432,3432.xml,0
3433,3433.xml,0
3434,3434.xml,0
3435,3435.xml,0
3436,3436.xml,0
3437,3437.xml,0
3438,3438.xml,0
3439,3439.xml,0
3440,3440.xml,0
3441,3441.xml,0
3442,3442.xml,0
3443,3443.xml,0
3444,3444.xml,0
3445,3445.xml,0
3446,3446.xml,0
3447,3447.xml,0
3448,3448.xml,0
3449,3449.xml,0
3450,3450.xml,0
3451,3451.xml,0
3452,3452.xml,0
3453,3453.xml,0
3454,3454.xml,0
3455,3455.xml,0
3456,3456.xml,1
3457,3457.xml,0
3458,3458.xml,0
3459,3459.xml,0
3460,3460.xml,0
3461,3461.xml,0
3462,3462.xml,0
3463,3463.xml,1
3464,3464.xml,0
3465,3465.xml,0
3466,3466.xml,1
3467,3467.xml,0
3468,3468.xml,1
3469,3469.xml,0
3470,3470.xml,0
3471,3471.xml,0
3472,3472.xml,0
3473,3473.xml,0
3474,3474.xml,1
3475,3475.xml,0
3476,3476.xml,1
3477,3477.xml,0
3478,3478.xml,0
3479,3479.xml,0
3480,3480.xml,1
3481,3481.xml,1
3482,3482.xml,0
3483,3483.xml,0
3484,3484.xml,0
3485,3485.xml,0
3486,3486.xml,1
3487,3487.xml,0
3488,3488.xml,0
3489,3489.xml,0
3490,3490.xml,1
3491,3491.xml,0
3492,3492.xml,0
3493,3493.xml,0
3494,3494.xml,0
3495,3495.xml,0
3496,3496.xml,0
3497,3497.xml,1
3498,3498.xml,0
3499,3499.xml,0
3500,3500.xml,0
3501,3501.xml,0
3502,3502.xml,0
3503,3503.xml,0
3504,3504.xml,0
3505,3505.xml,1
3506,3506.xml,0
3507,3507.xml,0
3508,3508.xml,0
3509,3509.xml,0
3510,3510.xml,0
3511,3511.xml,0
3512,3512.xml,0
3513,3513.xml,0
3515,3515.xml,0
3516,3516.xml,0
3517,3517.xml,1
3518,3518.xml,0
3519,3519.xml,0
3521,3521.xml,0
3522,3522.xml,0
3523,3523.xml,0
3524,3524.xml,0
3525,3525.xml,0
3526,3526.xml,0
3527,3527.xml,0
3528,3528.xml,0
3529,3529.xml,0
3530,3530.xml,0
3531,3531.xml,0
3533,3533.xml,0
3534,3534.xml,0
3535,3535.xml,0
3536,3536.xml,0
3537,3537.xml,0
3538,3538.xml,1
3539,3539.xml,0
3540,3540.xml,0
3541,3541.xml,0
3542,3542.xml,0
3543,3543.xml,1
3544,3544.xml,0
3545,3545.xml,1
3546,3546.xml,0
3547,3547.xml,0
3548,3548.xml,0
3549,3549.xml,0
3550,3550.xml,0
3551,3551.xml,0
3552,3552.xml,0
3553,3553.xml,0
3554,3554.xml,0
3555,3555.xml,0
3556,3556.xml,0
3557,3557.xml,1
3558,3558.xml,0
3559,3559.xml,0
3560,3560.xml,0
3561,3561.xml,0
3562,3562.xml,0
3563,3563.xml,0
3564,3564.xml,1
3565,3565.xml,0
3566,3566.xml,0
3567,3567.xml,0
3568,3568.xml,0
3569,3569.xml,1
3570,3570.xml,0
3571,3571.xml,0
3572,3572.xml,0
3573,3573.xml,0
3574,3574.xml,0
3576,3576.xml,0
3577,3577.xml,0
3578,3578.xml,1
3579,3579.xml,1
3580,3580.xml,1
3581,3581.xml,0
3582,3582.xml,1
3583,3583.xml,0
3584,3584.xml,0
3585,3585.xml,1
3586,3586.xml,0
3587,3587.xml,0
3588,3588.xml,0
3589,3589.xml,0
3590,3590.xml,0
3591,3591.xml,0
3592,3592.xml,0
3593,3593.xml,0
3594,3594.xml,0
3595,3595.xml,0
3597,3597.xml,1
3598,3598.xml,1
3599,3599.xml,0
3600,3600.xml,0
3601,3601.xml,1
3602,3602.xml,1
3603,3603.xml,1
3604,3604.xml,1
3605,3605.xml,1
3606,3606.xml,0
3607,3607.xml,0
3608,3608.xml,0
3609,3609.xml,0
3610,3610.xml,0
3611,3611.xml,0
3612,3612.xml,0
3613,3613.xml,1
3614,3614.xml,0
3615,3615.xml,0
3616,3616.xml,0
3617,3617.xml,0
3618,3618.xml,0
3619,3619.xml,1
3620,3620.xml,1
3621,3621.xml,0
3622,3622.xml,0
3624,3624.xml,1
3625,3625.xml,0
3626,3626.xml,1
3627,3627.xml,0
3628,3628.xml,0
3629,3629.xml,1
3630,3630.xml,1
3631,3631.xml,1
3632,3632.xml,0
3633,3633.xml,1
3634,3634.xml,1
3635,3635.xml,0
3636,3636.xml,0
3638,3638.xml,0
3640,3640.xml,0
3641,3641.xml,0
3642,3642.xml,0
3643,3643.xml,1
3644,3644.xml,0
3645,3645.xml,0
3646,3646.xml,0
3647,3647.xml,1
3648,3648.xml,0
3649,3649.xml,1
3650,3650.xml,0
3651,3651.xml,1
3652,3652.xml,0
3653,3653.xml,0
3654,3654.xml,0
3655,3655.xml,0
3656,3656.xml,0
3657,3657.xml,0
3658,3658.xml,0
3659,3659.xml,0
3660,3660.xml,0
3661,3661.xml,0
3662,3662.xml,0
3663,3663.xml,0
3664,3664.xml,0
3665,3665.xml,0
3666,3666.xml,0
3667,3667.xml,1
3668,3668.xml,1
3670,3670.xml,0
3671,3671.xml,0
3672,3672.xml,1
3673,3673.xml,0
3674,3674.xml,1
3676,3676.xml,1
3677,3677.xml,0
3679,3679.xml,0
3681,3681.xml,1
3682,3682.xml,0
3683,3683.xml,0
3684,3684.xml,0
3685,3685.xml,0
3686,3686.xml,0
3687,3687.xml,0
3689,3689.xml,0
3690,3690.xml,0
3691,3691.xml,0
3692,3692.xml,0
3693,3693.xml,0
3694,3694.xml,0
3695,3695.xml,1
3696,3696.xml,0
3697,3697.xml,1
3698,3698.xml,0
3699,3699.xml,1
3700,3700.xml,0
3701,3701.xml,0
3702,3702.xml,0
3703,3703.xml,0
3704,3704.xml,0
3707,3707.xml,0
3708,3708.xml,0
3709,3709.xml,0
3710,3710.xml,0
3711,3711.xml,0
3712,3712.xml,0
3714,3714.xml,0
3715,3715.xml,0
3716,3716.xml,0
3717,3717.xml,0
3719,3719.xml,0
3720,3720.xml,0
3721,3721.xml,1
3722,3722.xml,0
3723,3723.xml,0
3724,3724.xml,0
3725,3725.xml,0
3726,3726.xml,0
3727,3727.xml,0
3728,3728.xml,0
3729,3729.xml,0
3730,3730.xml,1
3731,3731.xml,0
3732,3732.xml,0
3733,3733.xml,0
3734,3734.xml,1
3735,3735.xml,0
3736,3736.xml,0
3737,3737.xml,0
3738,3738.xml,1
3739,3739.xml,0
3740,3740.xml,1
3741,3741.xml,0
3742,3742.xml,1
3743,3743.xml,1
3744,3744.xml,0
3745,3745.xml,0
3746,3746.xml,0
3747,3747.xml,0
3748,3748.xml,0
3749,3749.xml,0
3750,3750.xml,1
3751,3751.xml,1
3752,3752.xml,0
3753,3753.xml,0
3754,3754.xml,0
3755,3755.xml,1
3756,3756.xml,0
3757,3757.xml,1
3758,3758.xml,0
3759,3759.xml,0
3760,3760.xml,1
3761,3761.xml,0
3762,3762.xml,0
3763,3763.xml,1
3764,3764.xml,1
3765,3765.xml,1
3767,3767.xml,0
3768,3768.xml,1
3769,3769.xml,0
3770,3770.xml,0
3771,3771.xml,1
3773,3773.xml,0
3774,3774.xml,1
3776,3776.xml,0
3777,3777.xml,1
3778,3778.xml,0
3779,3779.xml,0
3780,3780.xml,0
3781,3781.xml,0
3782,3782.xml,1
3783,3783.xml,0
3784,3784.xml,1
3785,3785.xml,1
3786,3786.xml,1
3787,3787.xml,1
3788,3788.xml,1
3789,3789.xml,0
3790,3790.xml,0
3791,3791.xml,0
3792,3792.xml,0
3793,3793.xml,0
3794,3794.xml,0
3795,3795.xml,0
3796,3796.xml,0
3797,3797.xml,0
3798,3798.xml,0
3799,3799.xml,0
3800,3800.xml,0
3801,3801.xml,1
3802,3802.xml,0
3803,3803.xml,0
3804,3804.xml,0
3805,3805.xml,0
3806,3806.xml,1
3807,3807.xml,1
3808,3808.xml,1
3809,3809.xml,0
3810,3810.xml,0
3811,3811.xml,0
3812,3812.xml,0
3813,3813.xml,0
3814,3814.xml,0
3815,3815.xml,0
3816,3816.xml,0
3817,3817.xml,1
3818,3818.xml,0
3819,3819.xml,0
3820,3820.xml,0
3821,3821.xml,0
3823,3823.xml,0
3824,3824.xml,0
3825,3825.xml,0
3826,3826.xml,0
3827,3827.xml,0
3828,3828.xml,0
3829,3829.xml,0
3830,3830.xml,0
3831,3831.xml,1
3832,3832.xml,0
3834,3834.xml,0
3835,3835.xml,0
3836,3836.xml,0
3837,3837.xml,0
3838,3838.xml,0
3839,3839.xml,0
3840,3840.xml,1
3841,3841.xml,1
3842,3842.xml,0
3843,3843.xml,0
3844,3844.xml,0
3845,3845.xml,0
3846,3846.xml,1
3847,3847.xml,0
3848,3848.xml,0
3849,3849.xml,0
3850,3850.xml,1
3851,3851.xml,1
3852,3852.xml,0
3853,3853.xml,1
3854,3854.xml,0
3855,3855.xml,0
3856,3856.xml,0
3857,3857.xml,1
3858,3858.xml,1
3860,3860.xml,1
3861,3861.xml,0
3862,3862.xml,0
3863,3863.xml,0
3864,3864.xml,0
3865,3865.xml,1
3866,3866.xml,0
3867,3867.xml,1
3868,3868.xml,0
3869,3869.xml,0
3870,3870.xml,1
3871,3871.xml,0
3872,3872.xml,1
3873,3873.xml,0
3874,3874.xml,1
3876,3876.xml,0
3877,3877.xml,0
3878,3878.xml,0
3879,3879.xml,0
3880,3880.xml,0
3881,3881.xml,0
3882,3882.xml,0
3883,3883.xml,0
3884,3884.xml,1
3885,3885.xml,0
3886,3886.xml,1
3887,3887.xml,0
3888,3888.xml,0
3889,3889.xml,0
3890,3890.xml,1
3891,3891.xml,0
3892,3892.xml,0
3893,3893.xml,1
3895,3895.xml,1
3896,3896.xml,0
3897,3897.xml,0
3898,3898.xml,0
3899,3899.xml,1
3900,3900.xml,1
3901,3901.xml,0
3902,3902.xml,0
3903,3903.xml,1
3904,3904.xml,0
3905,3905.xml,1
3906,3906.xml,0
3907,3907.xml,0
3908,3908.xml,1
3909,3909.xml,1
3910,3910.xml,0
3911,3911.xml,0
3912,3912.xml,0
3913,3913.xml,0
3914,3914.xml,0
3915,3915.xml,0
3916,3916.xml,0
3917,3917.xml,1
3918,3918.xml,0
3919,3919.xml,0
3920,3920.xml,0
3921,3921.xml,0
3922,3922.xml,1
3923,3923.xml,0
3924,3924.xml,0
3925,3925.xml,0
3926,3926.xml,0
3927,3927.xml,0
3928,3928.xml,0
3929,3929.xml,0
3930,3930.xml,0
3931,3931.xml,0
3932,3932.xml,0
3933,3933.xml,0
3934,3934.xml,0
3935,3935.xml,0
3936,3936.xml,0
3937,3937.xml,1
3938,3938.xml,0
3939,3939.xml,0
3940,3940.xml,0
3941,3941.xml,0
3942,3942.xml,0
3943,3943.xml,0
3944,3944.xml,1
3945,3945.xml,0
3946,3946.xml,1
3947,3947.xml,0
3948,3948.xml,0
3949,3949.xml,0
3950,3950.xml,0
3951,3951.xml,1
3952,3952.xml,1
3953,3953.xml,0
3954,3954.xml,1
3955,3955.xml,0
3956,3956.xml,0
3957,3957.xml,0
3958,3958.xml,1
3959,3959.xml,0
3960,3960.xml,0
3961,3961.xml,0
3962,3962.xml,0
3963,3963.xml,0
3964,3964.xml,0
3965,3965.xml,0
3966,3966.xml,0
3967,3967.xml,0
3968,3968.xml,1
3969,3969.xml,0
3970,3970.xml,0
3972,3972.xml,0
3973,3973.xml,0
3974,3974.xml,0
3975,3975.xml,0
3976,3976.xml,0
3977,3977.xml,1
3978,3978.xml,0
3979,3979.xml,0
3980,3980.xml,0
3981,3981.xml,0
3982,3982.xml,0
3983,3983.xml,0
3984,3984.xml,0
3985,3985.xml,0
3986,3986.xml,0
3987,3987.xml,0
3988,3988.xml,0
3989,3989.xml,1
3990,3990.xml,0
3991,3991.xml,0
3992,3992.xml,0
3993,3993.xml,0
3994,3994.xml,1
3995,3995.xml,0
3996,3996.xml,1
3997,3997.xml,0
3998,3998.xml,0
3999,3999.xml,0
4000,4000.xml,1
4001,4001.xml,0
4002,4002.xml,0
4003,4003.xml,0
4004,4004.xml,0
4005,4005.xml,0
4006,4006.xml,0
4007,4007.xml,0
4008,4008.xml,0
4009,4009.xml,0
4010,4010.xml,0
4011,4011.xml,0
4012,4012.xml,1
4013,4013.xml,0
4014,4014.xml,1
4015,4015.xml,1
4016,4016.xml,0
4017,4017.xml,0
4018,4018.xml,0
4019,4019.xml,1
4020,4020.xml,0
4021,4021.xml,1
4023,4023.xml,1
4024,4024.xml,0
4025,4025.xml,1
4026,4026.xml,0
4027,4027.xml,0
4028,4028.xml,0
4029,4029.xml,1
4030,4030.xml,0
4031,4031.xml,0
4032,4032.xml,0
4033,4033.xml,0
4034,4034.xml,0
4035,4035.xml,0
4036,4036.xml,0
4037,4037.xml,0
4038,4038.xml,0
4039,4039.xml,0
4040,4040.xml,0
4041,4041.xml,0
4042,4042.xml,0
4043,4043.xml,0
4044,4044.xml,0
4045,4045.xml,0
4046,4046.xml,0
4047,4047.xml,0
4048,4048.xml,0
4049,4049.xml,0
4050,4050.xml,0
4051,4051.xml,0
4052,4052.xml,0
4053,4053.xml,0
4054,4054.xml,0
4055,4055.xml,0
4056,4056.xml,0
4057,4057.xml,0
4058,4058.xml,0
4059,4059.xml,0
4060,4060.xml,0
4061,4061.xml,0
4062,4062.xml,0
4063,4063.xml,0
4064,4064.xml,0
4065,4065.xml,1
4066,4066.xml,0
4067,4067.xml,1
4068,4068.xml,0
4069,4069.xml,0
4070,4070.xml,0
4071,4071.xml,0
4072,4072.xml,0
4073,4073.xml,0
4074,4074.xml,1
4075,4075.xml,1
4076,4076.xml,0
4077,4077.xml,0
4078,4078.xml,0
4079,4079.xml,0
4080,4080.xml,0
4081,4081.xml,1
4082,4082.xml,0
4083,4083.xml,0
4085,4085.xml,1
4086,4086.xml,0
4087,4087.xml,1
4088,4088.xml,0
4089,4089.xml,1
4090,4090.xml,0
4091,4091.xml,0
4092,4092.xml,1
4093,4093.xml,0
4094,4094.xml,1
4095,4095.xml,0
4096,4096.xml,0
4097,4097.xml,1
4098,4098.xml,1
4099,4099.xml,0
4100,4100.xml,1
4101,4101.xml,0
4102,4102.xml,0
4103,4103.xml,0
4104,4104.xml,0
4105,4105.xml,1
4106,4106.xml,1
4108,4108.xml,0
4109,4109.xml,0
4110,4110.xml,0
4111,4111.xml,1
4112,4112.xml,0
4113,4113.xml,0
4114,4114.xml,0
4115,4115.xml,0
4116,4116.xml,0
4117,4117.xml,0
4118,4118.xml,0
4119,4119.xml,0
4120,4120.xml,1
4121,4121.xml,0
4122,4122.xml,0
4123,4123.xml,1
4124,4124.xml,0
4125,4125.xml,0
4126,4126.xml,0
4127,4127.xml,0
4128,4128.xml,0
4129,4129.xml,0
4130,4130.xml,0
4131,4131.xml,0
4132,4132.xml,1
4133,4133.xml,0
4134,4134.xml,0
4135,4135.xml,0
4136,4136.xml,0
4137,4137.xml,0
4138,4138.xml,0
4139,4139.xml,0
4140,4140.xml,0
4141,4141.xml,1
4142,4142.xml,1
4143,4143.xml,1
4144,4144.xml,1
4145,4145.xml,0
4146,4146.xml,0
4147,4147.xml,0
4148,4148.xml,0
4149,4149.xml,1
4150,4150.xml,0
4151,4151.xml,0
4152,4152.xml,0
4154,4154.xml,0
4155,4155.xml,1
4157,4157.xml,1
4158,4158.xml,0
4159,4159.xml,0
4160,4160.xml,1
4161,4161.xml,0
4162,4162.xml,0
4163,4163.xml,0
4164,4164.xml,0
4165,4165.xml,0
4166,4166.xml,0
4167,4167.xml,0
4168,4168.xml,0
4170,4170.xml,0
4171,4171.xml,0
4172,4172.xml,0
4173,4173.xml,0
4174,4174.xml,0
4175,4175.xml,1
4176,4176.xml,1
4177,4177.xml,1
4178,4178.xml,1
4179,4179.xml,0
4180,4180.xml,0
4181,4181.xml,0
4182,4182.xml,0
4183,4183.xml,0
4184,4184.xml,1
4185,4185.xml,1
4186,4186.xml,0
4188,4188.xml,0
4189,4189.xml,1
4190,4190.xml,0
4191,4191.xml,0
4192,4192.xml,1
4193,4193.xml,1
4194,4194.xml,1
4195,4195.xml,0
4196,4196.xml,0
4197,4197.xml,0
4198,4198.xml,0
4199,4199.xml,0
4200,4200.xml,0
4201,4201.xml,0
4202,4202.xml,0
4203,4203.xml,0
4204,4204.xml,0
4205,4205.xml,1
4206,4206.xml,0
4207,4207.xml,0
4208,4208.xml,0
4209,4209.xml,0
4210,4210.xml,1
4211,4211.xml,0
4212,4212.xml,0
4213,4213.xml,0
4214,4214.xml,0
4215,4215.xml,0
4216,4216.xml,1
4217,4217.xml,0
4218,4218.xml,1
4219,4219.xml,1
4220,4220.xml,1
4221,4221.xml,0
4222,4222.xml,0
4223,4223.xml,1
4224,4224.xml,0
4225,4225.xml,0
4226,4226.xml,0
4227,4227.xml,0
4228,4228.xml,1
4229,4229.xml,0
4230,4230.xml,0
4231,4231.xml,0
4232,4232.xml,1
4233,4233.xml,0
4235,4235.xml,0
4236,4236.xml,0
4237,4237.xml,0
4238,4238.xml,0
4239,4239.xml,1
4240,4240.xml,1
4241,4241.xml,1
4242,4242.xml,0
4243,4243.xml,0
4244,4244.xml,0
4245,4245.xml,1
4246,4246.xml,0
4247,4247.xml,0
4248,4248.xml,0
4249,4249.xml,0
4250,4250.xml,0
4251,4251.xml,0
4252,4252.xml,0
4253,4253.xml,1
4254,4254.xml,0
4255,4255.xml,0
4256,4256.xml,0
4257,4257.xml,1
4258,4258.xml,1
4259,4259.xml,0
4260,4260.xml,0
4261,4261.xml,1
4262,4262.xml,0
4263,4263.xml,0
4264,4264.xml,0
4265,4265.xml,0
4267,4267.xml,0
4268,4268.xml,0
4269,4269.xml,0
4270,4270.xml,0
4271,4271.xml,0
4273,4273.xml,1
4274,4274.xml,0
4275,4275.xml,0
4276,4276.xml,1
4277,4277.xml,0
4278,4278.xml,0
4279,4279.xml,1
4280,4280.xml,0
4281,4281.xml,0
4282,4282.xml,0
4283,4283.xml,0
4284,4284.xml,0
4285,4285.xml,1
4286,4286.xml,1
4287,4287.xml,0
4288,4288.xml,1
4289,4289.xml,0
4290,4290.xml,0
4291,4291.xml,1
4293,4293.xml,0
4294,4294.xml,0
4295,4295.xml,0
4296,4296.xml,0
4297,4297.xml,0
4298,4298.xml,0
4299,4299.xml,0
4300,4300.xml,0
4301,4301.xml,0
4302,4302.xml,1
4303,4303.xml,0
4304,4304.xml,1
4305,4305.xml,0
4306,4306.xml,0
4307,4307.xml,1
4308,4308.xml,0
4309,4309.xml,0
4310,4310.xml,0
4311,4311.xml,0
4312,4312.xml,0
4313,4313.xml,1
4314,4314.xml,0
4315,4315.xml,0
4316,4316.xml,0
4317,4317.xml,0
4318,4318.xml,1
4319,4319.xml,0
4320,4320.xml,0
4321,4321.xml,0
4322,4322.xml,0
4323,4323.xml,0
4324,4324.xml,0
4325,4325.xml,0
4326,4326.xml,0
4327,4327.xml,1
4328,4328.xml,0
4329,4329.xml,0
4330,4330.xml,1
4331,4331.xml,1
4332,4332.xml,0
4333,4333.xml,0
4334,4334.xml,0
4335,4335.xml,0
4336,4336.xml,0
4337,4337.xml,1
4338,4338.xml,1
4339,4339.xml,0
4340,4340.xml,0
4341,4341.xml,1
4342,4342.xml,0
4343,4343.xml,0
4344,4344.xml,1
4345,4345.xml,0
4346,4346.xml,1
4348,4348.xml,0
4349,4349.xml,0
4350,4350.xml,0
4351,4351.xml,1
4352,4352.xml,0
4353,4353.xml,1
4354,4354.xml,0
4356,4356.xml,0
4357,4357.xml,1
4358,4358.xml,1
4360,4360.xml,0
4361,4361.xml,1
4362,4362.xml,0
4363,4363.xml,1
4364,4364.xml,1
4366,4366.xml,0
4367,4367.xml,0
4368,4368.xml,0
4369,4369.xml,0
4370,4370.xml,1
4371,4371.xml,0
4372,4372.xml,1
4373,4373.xml,0
4374,4374.xml,1
4375,4375.xml,0
4376,4376.xml,1
4378,4378.xml,1
4379,4379.xml,0
4380,4380.xml,1
4382,4382.xml,0
4383,4383.xml,0
4384,4384.xml,1
4385,4385.xml,1
4386,4386.xml,0
4387,4387.xml,1
4388,4388.xml,1
4389,4389.xml,1
4390,4390.xml,0
4391,4391.xml,0
4392,4392.xml,0
4393,4393.xml,0
4394,4394.xml,0
4395,4395.xml,0
4396,4396.xml,0
4397,4397.xml,1
4398,4398.xml,1
4399,4399.xml,1
4400,4400.xml,0
4401,4401.xml,0
4402,4402.xml,0
4403,4403.xml,0
4404,4404.xml,1
4405,4405.xml,0
4406,4406.xml,0
4407,4407.xml,0
4408,4408.xml,0
4409,4409.xml,0
4410,4410.xml,1
4411,4411.xml,0
4412,4412.xml,1
4413,4413.xml,0
4414,4414.xml,0
4415,4415.xml,0
4416,4416.xml,0
4417,4417.xml,0
4418,4418.xml,0
4419,4419.xml,1
4420,4420.xml,1
4421,4421.xml,0
4422,4422.xml,0
4423,4423.xml,0
4424,4424.xml,0
4425,4425.xml,0
4426,4426.xml,0
4427,4427.xml,0
4428,4428.xml,0
4429,4429.xml,0
4430,4430.xml,0
4431,4431.xml,0
4432,4432.xml,0
4433,4433.xml,1
4434,4434.xml,0
4435,4435.xml,0
4436,4436.xml,0
4437,4437.xml,1
4438,4438.xml,1
4439,4439.xml,1
4440,4440.xml,1
4441,4441.xml,0
4442,4442.xml,0
4443,4443.xml,0
4444,4444.xml,0
4445,4445.xml,0
4446,4446.xml,1
4447,4447.xml,0
4448,4448.xml,0
4449,4449.xml,0
4450,4450.xml,0
4451,4451.xml,1
4452,4452.xml,1
4453,4453.xml,0
4454,4454.xml,1
4455,4455.xml,0
4456,4456.xml,0
4457,4457.xml,1
4458,4458.xml,0
4459,4459.xml,1
4460,4460.xml,1
4461,4461.xml,0
4462,4462.xml,0
4463,4463.xml,0
4464,4464.xml,0
4465,4465.xml,0
4466,4466.xml,0
4467,4467.xml,0
4468,4468.xml,1
4469,4469.xml,0
4470,4470.xml,0
4471,4471.xml,0
4472,4472.xml,1
4473,4473.xml,0
4474,4474.xml,0
4475,4475.xml,1
4476,4476.xml,1
4477,4477.xml,0
4478,4478.xml,0
4479,4479.xml,0
4480,4480.xml,0
4481,4481.xml,0
4482,4482.xml,0
4483,4483.xml,0
4484,4484.xml,0
4485,4485.xml,0
4486,4486.xml,0
4487,4487.xml,0
4488,4488.xml,0
4489,4489.xml,0
4490,4490.xml,0
4491,4491.xml,0
4492,4492.xml,0
4493,4493.xml,0
4494,4494.xml,1
4495,4495.xml,0
4496,4496.xml,0
4497,4497.xml,0
4498,4498.xml,1
4499,4499.xml,0
4500,4500.xml,0
4501,4501.xml,0
4502,4502.xml,0
4503,4503.xml,0
4504,4504.xml,1
4505,4505.xml,1
4506,4506.xml,0
4507,4507.xml,0
4508,4508.xml,0
4509,4509.xml,0
4510,4510.xml,0
4511,4511.xml,0
4512,4512.xml,0
4514,4514.xml,0
4515,4515.xml,0
4516,4516.xml,0
4517,4517.xml,1
4518,4518.xml,0
4519,4519.xml,0
4520,4520.xml,0
4521,4521.xml,1
4522,4522.xml,0
4523,4523.xml,1
4524,4524.xml,0
4525,4525.xml,0
4526,4526.xml,0
4527,4527.xml,0
4528,4528.xml,0
4529,4529.xml,0
4530,4530.xml,0
4531,4531.xml,0
4532,4532.xml,0
4533,4533.xml,0
4534,4534.xml,0
4535,4535.xml,0
4536,4536.xml,0
4537,4537.xml,0
4538,4538.xml,0
4539,4539.xml,0
4540,4540.xml,0
4541,4541.xml,0
4542,4542.xml,0
4543,4543.xml,0
4544,4544.xml,0
4546,4546.xml,0
4547,4547.xml,0
4548,4548.xml,0
4549,4549.xml,0
4550,4550.xml,0
4551,4551.xml,1
4552,4552.xml,0
4553,4553.xml,0
4554,4554.xml,1
4555,4555.xml,0
4556,4556.xml,0
4557,4557.xml,0
4558,4558.xml,0
4559,4559.xml,0
4560,4560.xml,1
4561,4561.xml,0
4562,4562.xml,1
4563,4563.xml,0
4564,4564.xml,0
4566,4566.xml,0
4567,4567.xml,0
4568,4568.xml,0
4569,4569.xml,0
4570,4570.xml,0
4571,4571.xml,0
4572,4572.xml,0
4573,4573.xml,0
4574,4574.xml,1
4575,4575.xml,0
4576,4576.xml,0
4577,4577.xml,0
4578,4578.xml,0
4579,4579.xml,0
4580,4580.xml,0
4581,4581.xml,1
4582,4582.xml,0
4584,4584.xml,0
4585,4585.xml,1
4586,4586.xml,0
4587,4587.xml,0
4588,4588.xml,0
4589,4589.xml,0
4590,4590.xml,0
4591,4591.xml,0
4592,4592.xml,0
4593,4593.xml,0
4594,4594.xml,0
4595,4595.xml,0
4596,4596.xml,0
4597,4597.xml,0
4598,4598.xml,0
4599,4599.xml,0
4600,4600.xml,0
4601,4601.xml,0
4602,4602.xml,0
4603,4603.xml,0
4604,4604.xml,0
4605,4605.xml,0
4606,4606.xml,0
4607,4607.xml,0
4608,4608.xml,0
4610,4610.xml,1
4611,4611.xml,0
4612,4612.xml,0
4613,4613.xml,1
4614,4614.xml,0
4615,4615.xml,0
4616,4616.xml,0
4617,4617.xml,0
4618,4618.xml,0
4619,4619.xml,0
4620,4620.xml,1
4621,4621.xml,1
4622,4622.xml,0
4623,4623.xml,0
4624,4624.xml,0
4625,4625.xml,0
4626,4626.xml,0
4627,4627.xml,0
4628,4628.xml,0
4629,4629.xml,0
4630,4630.xml,0
4631,4631.xml,0
4632,4632.xml,0
4633,4633.xml,0
4635,4635.xml,0
4636,4636.xml,0
4637,4637.xml,0
4638,4638.xml,0
4639,4639.xml,0
4640,4640.xml,0
4641,4641.xml,0
4642,4642.xml,0
4643,4643.xml,0
4644,4644.xml,1
4645,4645.xml,0
4646,4646.xml,0
4647,4647.xml,0
4648,4648.xml,0
4649,4649.xml,1
4650,4650.xml,0
4651,4651.xml,0
4652,4652.xml,1
4653,4653.xml,0
4654,4654.xml,0
4656,4656.xml,0
4657,4657.xml,1
4658,4658.xml,0
4659,4659.xml,0
4660,4660.xml,0
4661,4661.xml,0
4662,4662.xml,0
4663,4663.xml,0
4664,4664.xml,0
4665,4665.xml,0
4666,4666.xml,0
4667,4667.xml,0
4668,4668.xml,0
4669,4669.xml,0
4670,4670.xml,0
4672,4672.xml,0
4673,4673.xml,0
4675,4675.xml,0
4676,4676.xml,0
4677,4677.xml,0
4678,4678.xml,0
4679,4679.xml,0
4680,4680.xml,0
4681,4681.xml,0
4682,4682.xml,0
4683,4683.xml,0
4684,4684.xml,0
4685,4685.xml,0
4686,4686.xml,0
4687,4687.xml,1
4688,4688.xml,0
4689,4689.xml,0
4690,4690.xml,0
4691,4691.xml,1
4692,4692.xml,1
4693,4693.xml,0
4694,4694.xml,0
4695,4695.xml,1
4696,4696.xml,0
4697,4697.xml,0
4698,4698.xml,0
4699,4699.xml,0
4700,4700.xml,0
4701,4701.xml,0
4702,4702.xml,0
4703,4703.xml,0
4705,4705.xml,0
4706,4706.xml,0
4707,4707.xml,0
4708,4708.xml,0
4709,4709.xml,0
4710,4710.xml,0
4711,4711.xml,0
4712,4712.xml,0
4713,4713.xml,0
4714,4714.xml,0
4715,4715.xml,0
4716,4716.xml,0
4717,4717.xml,0
4718,4718.xml,0
4719,4719.xml,0
4720,4720.xml,0
4721,4721.xml,0
4722,4722.xml,0
4723,4723.xml,0
4724,4724.xml,0
4725,4725.xml,0
4726,4726.xml,0
4727,4727.xml,0
4728,4728.xml,0
4729,4729.xml,1
4730,4730.xml,0
4731,4731.xml,0
4732,4732.xml,1
4733,4733.xml,0
4734,4734.xml,0
4735,4735.xml,0
4736,4736.xml,0
4737,4737.xml,0
4738,4738.xml,0
4739,4739.xml,0
4740,4740.xml,0
4742,4742.xml,0
4743,4743.xml,0
4744,4744.xml,0
4745,4745.xml,1
4746,4746.xml,0
4747,4747.xml,1
4748,4748.xml,0
4749,4749.xml,0
4750,4750.xml,0
4751,4751.xml,1
4752,4752.xml,0
4753,4753.xml,0
4754,4754.xml,0
4755,4755.xml,1
4756,4756.xml,1
4757,4757.xml,0
4758,4758.xml,0
4759,4759.xml,1
4760,4760.xml,0
4761,4761.xml,0
4762,4762.xml,0
4763,4763.xml,0
4764,4764.xml,0
4765,4765.xml,1
4766,4766.xml,0
4767,4767.xml,0
4768,4768.xml,0
4769,4769.xml,0
4770,4770.xml,0
4771,4771.xml,0
4772,4772.xml,0
4773,4773.xml,1
4774,4774.xml,0
4775,4775.xml,1
4776,4776.xml,1
4777,4777.xml,1
4778,4778.xml,0
4779,4779.xml,1
4780,4780.xml,1
4781,4781.xml,0
4782,4782.xml,1
4783,4783.xml,0
4784,4784.xml,0
4785,4785.xml,0
4786,4786.xml,0
4787,4787.xml,0
4788,4788.xml,1
4789,4789.xml,0
4790,4790.xml,0
4791,4791.xml,1
4792,4792.xml,1
4793,4793.xml,0
4794,4794.xml,1
4795,4795.xml,1
4796,4796.xml,1
4797,4797.xml,1
4798,4798.xml,0
4799,4799.xml,0
4800,4800.xml,0
4801,4801.xml,1
4802,4802.xml,0
4803,4803.xml,1
4804,4804.xml,1
4805,4805.xml,1
4806,4806.xml,0
4807,4807.xml,0
4808,4808.xml,0
4809,4809.xml,0
4810,4810.xml,1
4811,4811.xml,0
4812,4812.xml,0
4813,4813.xml,0
4814,4814.xml,1
4815,4815.xml,0
4816,4816.xml,0
4817,4817.xml,0
4818,4818.xml,0
4820,4820.xml,1
4821,4821.xml,1
4822,4822.xml,0
4823,4823.xml,0
4824,4824.xml,0
4825,4825.xml,0
4826,4826.xml,0
4827,4827.xml,1
4828,4828.xml,0
4829,4829.xml,0
4830,4830.xml,0
4831,4831.xml,0
4832,4832.xml,0
4833,4833.xml,0
4834,4834.xml,0
4835,4835.xml,0
4836,4836.xml,0
4837,4837.xml,0
4838,4838.xml,0
4839,4839.xml,0
4840,4840.xml,0
4841,4841.xml,0
4842,4842.xml,0
4843,4843.xml,1
4844,4844.xml,0
4845,4845.xml,0
4846,4846.xml,0
4847,4847.xml,0
4848,4848.xml,0
4849,4849.xml,0
4850,4850.xml,0
4851,4851.xml,0
4852,4852.xml,0
4853,4853.xml,0
4854,4854.xml,0
4855,4855.xml,0
4856,4856.xml,0
4857,4857.xml,0
4858,4858.xml,0
4859,4859.xml,0
4860,4860.xml,0
4861,4861.xml,0
4862,4862.xml,0
4863,4863.xml,0
4864,4864.xml,0
4865,4865.xml,0
4866,4866.xml,0
4867,4867.xml,0
4868,4868.xml,0
4869,4869.xml,0
4870,4870.xml,0
4871,4871.xml,0
4873,4873.xml,0
4874,4874.xml,0
4875,4875.xml,0
4876,4876.xml,0
4877,4877.xml,0
4878,4878.xml,0
4879,4879.xml,0
4880,4880.xml,0
4881,4881.xml,0
4882,4882.xml,0
4883,4883.xml,0
4884,4884.xml,0
4885,4885.xml,0
4886,4886.xml,0
4887,4887.xml,0
4888,4888.xml,0
4889,4889.xml,0
4890,4890.xml,0
4891,4891.xml,0
4892,4892.xml,1
4893,4893.xml,0
4894,4894.xml,0
4895,4895.xml,0
4896,4896.xml,0
4897,4897.xml,0
4898,4898.xml,0
4899,4899.xml,0
4900,4900.xml,1
4901,4901.xml,1
4902,4902.xml,0
4903,4903.xml,0
4904,4904.xml,0
4905,4905.xml,0
4906,4906.xml,0
4907,4907.xml,0
4908,4908.xml,0
4909,4909.xml,0
4910,4910.xml,0
4911,4911.xml,1
4912,4912.xml,0
4913,4913.xml,0
4914,4914.xml,1
4915,4915.xml,0
4916,4916.xml,0
4917,4917.xml,0
4918,4918.xml,0
4919,4919.xml,0
4920,4920.xml,1
4921,4921.xml,0
4922,4922.xml,1
4923,4923.xml,0
4924,4924.xml,0
4925,4925.xml,0
4926,4926.xml,0
4927,4927.xml,0
4928,4928.xml,0
4929,4929.xml,0
4930,4930.xml,1
4931,4931.xml,0
4932,4932.xml,0
4933,4933.xml,0
4934,4934.xml,1
4935,4935.xml,0
4936,4936.xml,0
4937,4937.xml,0
4938,4938.xml,0
4939,4939.xml,0
4940,4940.xml,0
4941,4941.xml,0
4942,4942.xml,0
4943,4943.xml,0
4945,4945.xml,0
4946,4946.xml,0
4947,4947.xml,0
4948,4948.xml,0
4949,4949.xml,0
4950,4950.xml,0
4951,4951.xml,0
4952,4952.xml,0
4953,4953.xml,0
4954,4954.xml,1
4955,4955.xml,0
4956,4956.xml,1
4957,4957.xml,0
4958,4958.xml,0
4959,4959.xml,0
4961,4961.xml,0
4962,4962.xml,0
4963,4963.xml,0
4964,4964.xml,0
4965,4965.xml,0
4966,4966.xml,0
4967,4967.xml,0
4968,4968.xml,0
4969,4969.xml,0
4970,4970.xml,0
4971,4971.xml,0
4972,4972.xml,1
4973,4973.xml,0
4974,4974.xml,1
4975,4975.xml,0
4976,4976.xml,0
4977,4977.xml,0
4978,4978.xml,0
4979,4979.xml,0
4980,4980.xml,0
4981,4981.xml,0
4982,4982.xml,0
4983,4983.xml,0
4984,4984.xml,0
4985,4985.xml,0
4986,4986.xml,0
4987,4987.xml,0
4988,4988.xml,0
4989,4989.xml,0
4990,4990.xml,1
4991,4991.xml,1
4992,4992.xml,0
4993,4993.xml,0
4994,4994.xml,0
4995,4995.xml,0
4996,4996.xml,0
4997,4997.xml,0
4998,4998.xml,1
4999,4999.xml,1
5000,5000.xml,0
